Timestamp,Course,Section,Instructor,Total_Seats,Open_Seats,Waitlist,Fetch_Time
2026-08-29 02:29:48,AAAS100,0101,Shane Walsh,35,0,0,2026-08-29 02:29:50
2026-08-29 02:29:48,AAAS100,0201,Shane Walsh,35,2,0,2026-08-29 02:29:50
2026-08-29 02:29:48,AAAS100,0301,George Kintiba,70,46,0,2026-08-29 02:29:50
2026-08-29 02:29:48,AAAS100,0401,Jason Nichols,30,0,0,2026-08-29 02:29:50
2026-08-29 02:29:48,AAAS100,0501,Jason Nichols,35,0,0,2026-08-29 02:29:50
2026-08-29 02:29:48,AAAS101,0101,Chinyere Osuji,40,10,0,2026-08-29 02:29:50
2026-08-29 02:29:48,AAAS187,0101,Robert Choflet,30,0,0,2026-08-29 02:29:51
2026-08-29 02:29:48,AAAS187,0201,Joseph Richardson,30,2,0,2026-08-29 02:29:51
2026-08-29 02:29:48,AAAS200,0101,George Kintiba,40,3,0,2026-08-29 02:29:52
2026-08-29 02:29:48,AAAS202,0101,Robert Choflet,35,0,0,2026-08-29 02:29:52
2026-08-29 02:29:48,AAAS202,0201,Robert Choflet,35,0,0,2026-08-29 02:29:52
2026-08-29 02:29:48,AAAS202,0301,Angelica Dunbar,35,1,0,2026-08-29 02:29:52
2026-08-29 02:29:48,AAAS202,0401,Ashley Everson,35,0,0,2026-08-29 02:29:52
2026-08-29 02:29:48,AAAS202,0501,Ashley Everson,20,4,0,2026-08-29 02:29:52
2026-08-29 02:29:48,AAAS210,0101,Angelica Dunbar,20,14,0,2026-08-29 02:29:53
2026-08-29 02:29:48,AAAS211,0101,Shane Walsh,30,0,0,2026-08-29 02:29:53
2026-08-29 02:29:48,AAAS230,0101,Ashley Newby,30,0,0,2026-08-29 02:29:54
2026-08-29 02:29:48,AAAS230,0201,Ashley Newby,30,0,0,2026-08-29 02:29:54
2026-08-29 02:29:48,AAAS234,0201,Mike Kolakoski,30,0,0,2026-08-29 02:29:54
2026-08-29 02:29:48,AAAS254,0101,Christopher Bonner,40,1,0,2026-08-29 02:29:55
2026-08-29 02:29:48,AAAS271,0101,Sydney Lewis,30,0,0,2026-08-29 02:29:55
2026-08-29 02:29:48,AAAS310,0101,George Kintiba,25,19,0,2026-08-29 02:29:56
2026-08-29 02:29:48,AAAS320,0101,Cecily Jackson,25,0,1,2026-08-29 02:29:56
2026-08-29 02:29:48,AAAS320,0201,Cecily Jackson,25,8,0,2026-08-29 02:29:56
2026-08-29 02:29:48,AAAS325,0101,Traci Dula,20,5,0,2026-08-29 02:29:56
2026-08-29 02:29:48,AAAS350,0101,John Drabinski,20,1,0,2026-08-29 02:29:57
2026-08-29 02:29:48,AAAS361,0101,Michelle Rowley,35,23,0,2026-08-29 02:29:57
2026-08-29 02:29:48,AAAS386,0101,Marshal Washington,10,10,0,2026-08-29 02:29:58
2026-08-29 02:29:48,AAAS397,0101,John Drabinski,2,2,0,2026-08-29 02:29:58
2026-08-29 02:29:48,AAAS397,0201,Angelica Dunbar,2,2,0,2026-08-29 02:29:58
2026-08-29 02:29:48,AAAS397,0301,Sharon Harley,2,2,0,2026-08-29 02:29:58
2026-08-29 02:29:48,AAAS397,0401,Cecily Jackson,2,2,0,2026-08-29 02:29:58
2026-08-29 02:29:48,AAAS397,0501,Sangeetha Madhavan,2,2,0,2026-08-29 02:29:58
2026-08-29 02:29:48,AAAS397,0601,Ashley Newby,1,1,0,2026-08-29 02:29:58
2026-08-29 02:29:48,AAAS397,0701,Chinyere Osuji,2,2,0,2026-08-29 02:29:58
2026-08-29 02:29:48,AAAS397,0801,Periloux Peay,2,2,0,2026-08-29 02:29:58
2026-08-29 02:29:48,AAAS397,0901,Joseph Richardson,2,2,0,2026-08-29 02:29:58
2026-08-29 02:29:48,AAAS398B,0101,Beka Guluma,20,12,0,2026-08-29 02:29:59
2026-08-29 02:29:48,AAAS398W,0101,Jason Nichols,25,10,0,2026-08-29 02:29:59
2026-08-29 02:29:48,AAAS399,0101,Robert Choflet,4,4,0,2026-08-29 02:30:00
2026-08-29 02:29:48,AAAS399,0201,John Drabinski,4,4,0,2026-08-29 02:30:00
2026-08-29 02:29:48,AAAS399,0301,Angelica Dunbar,4,3,0,2026-08-29 02:30:00
2026-08-29 02:29:48,AAAS399,0401,Sharon Harley,4,4,0,2026-08-29 02:30:00
2026-08-29 02:29:48,AAAS399,0501,Cecily Jackson,4,4,0,2026-08-29 02:30:00
2026-08-29 02:29:48,AAAS399,0601,Cecily Jackson,4,4,0,2026-08-29 02:30:00
2026-08-29 02:29:48,AAAS399,0701,Sharon Harley,4,4,0,2026-08-29 02:30:00
2026-08-29 02:29:48,AAAS399,0801,George Kintiba,4,4,0,2026-08-29 02:30:00
2026-08-29 02:29:48,AAAS399,0901,Jason Nichols,4,4,0,2026-08-29 02:30:00
2026-08-29 02:29:48,AAAS399,1001,Ashley Newby,4,3,0,2026-08-29 02:30:00
2026-08-29 02:29:48,AAAS399,1101,Jason Nichols,4,4,0,2026-08-29 02:30:00
2026-08-29 02:29:48,AAAS399,1201,Joseph Richardson,4,4,0,2026-08-29 02:30:00
2026-08-29 02:29:48,AAAS399,1301,Shane Walsh,4,4,0,2026-08-29 02:30:00
2026-08-29 02:29:48,AAAS399,1401,Joseph Richardson,4,4,0,2026-08-29 02:30:00
2026-08-29 02:29:48,AAAS399,1501,Shane Walsh,4,4,0,2026-08-29 02:30:00
2026-08-29 02:29:48,AAAS400,0101,Periloux Peay,25,21,0,2026-08-29 02:30:00
2026-08-29 02:29:48,AAAS415,0101,Periloux Peay,30,0,2,2026-08-29 02:30:01
2026-08-29 02:29:48,AAAS499N,0101,Anne Rosen,25,0,0,2026-08-29 02:30:02
2026-08-29 02:29:48,AAST200,0101,Jennifer Cho,25,0,9,2026-08-29 02:30:05
2026-08-29 02:29:48,AAST200,0102,Binod Paudyal,25,0,11,2026-08-29 02:30:05
2026-08-29 02:29:48,AAST322,0101,Julie Park,30,0,1,2026-08-29 02:30:05
2026-08-29 02:29:48,AAST351,0101,Binod Paudyal,29,0,13,2026-08-29 02:30:06
2026-08-29 02:29:48,AAST355,0101,Jennifer Cho,29,0,32,2026-08-29 02:30:06
2026-08-29 02:29:48,AAST378,0101,Janelle Wong,2,2,0,2026-08-29 02:30:06
2026-08-29 02:29:48,AAST394,0101,Wenxi Yang,25,0,4,2026-08-29 02:30:08
2026-08-29 02:29:48,AAST398I,0101,Michelle Magalong,24,0,1,2026-08-29 02:30:08
2026-08-29 02:29:48,AAST398W,0101,Chris Eng,25,13,0,2026-08-29 02:30:08
2026-08-29 02:29:48,AAST421,0101,Tuyet Duong,20,0,4,2026-08-29 02:30:09
2026-08-29 02:29:48,AAST422,0101,Jennifer Cho,25,3,0,2026-08-29 02:30:09
2026-08-29 02:29:48,AAST424,0101,Dawn Dow,29,11,0,2026-08-29 02:30:10
2026-08-29 02:29:48,AAST440,0101,Binod Paudyal,21,0,6,2026-08-29 02:30:10
2026-08-29 02:29:48,AAST443,0101,Janelle Wong,30,0,7,2026-08-29 02:30:10
2026-08-29 02:29:48,ABRM330,0101,Rashawn Ray,40,0,5,2026-08-29 02:30:12
2026-08-29 02:29:48,ARAB101,0101,Samah Al-salami,15,0,0,2026-08-29 02:31:08
2026-08-29 02:29:48,ARAB101,0201,Ahmed Hanafy,15,0,0,2026-08-29 02:31:08
2026-08-29 02:29:48,ARAB102,0101,Samah Al-salami,15,0,1,2026-08-29 02:31:08
2026-08-29 02:29:48,ARAB102,0201,Lutf Alkebsi,15,11,0,2026-08-29 02:31:08
2026-08-29 02:29:48,ARAB201,0101,Lutf Alkebsi,15,0,0,2026-08-29 02:31:09
2026-08-29 02:29:48,ARAB201,0201,Lutf Alkebsi,15,11,0,2026-08-29 02:31:09
2026-08-29 02:29:48,ARAB208L,0101,Samah Al-salami,15,6,0,2026-08-29 02:31:09
2026-08-29 02:29:48,ARAB225,0101,Ahmed Hanafy,15,1,0,2026-08-29 02:31:10
2026-08-29 02:29:48,ARAB301,0101,Ahmed Hanafy,15,6,0,2026-08-29 02:31:10
2026-08-29 02:29:48,ARAB321,0101,Ahmed Hanafy,15,9,0,2026-08-29 02:31:10
2026-08-29 02:29:48,ARAB322,0101,Samah Al-salami,15,6,0,2026-08-29 02:31:11
2026-08-29 02:29:48,ARAB398A,0101,Lutf Alkebsi,15,5,0,2026-08-29 02:31:12
2026-08-29 02:29:48,ARAB499E,0101,Brendan Kibbee,20,3,0,2026-08-29 02:31:13
2026-08-29 02:29:48,ARMY106,0101,Thomas Battinieri,31,24,0,2026-08-29 02:31:54
2026-08-29 02:29:48,ARMY106,0102,Thomas Battinieri,40,30,0,2026-08-29 02:31:54
2026-08-29 02:29:48,ARMY106,FC01,Andrew Bischoff,15,10,0,2026-08-29 02:31:54
2026-08-29 02:29:48,ARMY106,FC02,Thomas Battinieri,9,8,0,2026-08-29 02:31:54
2026-08-29 02:29:48,ARMY110,0101,Andrew Bischoff,15,15,0,2026-08-29 02:31:54
2026-08-29 02:29:48,ARMY201,0102,Thomas Battinieri,35,13,0,2026-08-29 02:31:54
2026-08-29 02:29:48,ARMY301,0101,Joshua Guiod,40,21,0,2026-08-29 02:31:55
2026-08-29 02:29:48,ARMY401,0102,Andrew Bischoff,50,14,0,2026-08-29 02:31:55
2026-08-29 02:29:48,ARSC059,0101,Kathleen West,220,96,0,2026-08-29 02:31:57
2026-08-29 02:29:48,ARSC059,FC01,Jens Lyndrup,10,4,0,2026-08-29 02:31:57
2026-08-29 02:29:48,ARSC100,0101,Jens Lyndrup,50,35,0,2026-08-29 02:31:57
2026-08-29 02:29:48,ARSC100,0102,Jens Lyndrup,75,43,0,2026-08-29 02:31:57
2026-08-29 02:29:48,ARSC100,0103,Jens Lyndrup,40,33,0,2026-08-29 02:31:57
2026-08-29 02:29:48,ARSC100,FC01,Jens Lyndrup,5,0,0,2026-08-29 02:31:57
2026-08-29 02:29:48,ARSC100,FC02,Jens Lyndrup,10,7,0,2026-08-29 02:31:57
2026-08-29 02:29:48,ARSC200,0101,Alan Snyder,50,27,0,2026-08-29 02:31:58
2026-08-29 02:29:48,ARSC200,0102,Alan Snyder,35,26,0,2026-08-29 02:31:58
2026-08-29 02:29:48,ARSC200,0103,Alan Snyder,40,32,0,2026-08-29 02:31:58
2026-08-29 02:29:48,ARSC300,0101,Kathleen West,30,9,0,2026-08-29 02:31:58
2026-08-29 02:29:48,ARSC300,0102,Kathleen West,20,15,0,2026-08-29 02:31:58
2026-08-29 02:29:48,ARSC400,0101,Walter Mitchell,30,17,0,2026-08-29 02:31:59
2026-08-29 02:29:48,ARSC400,0102,Walter Mitchell,20,18,0,2026-08-29 02:31:59
2026-08-29 02:29:48,ARSC400,0201,Walter Mitchell,10,10,0,2026-08-29 02:31:59
2026-08-29 02:29:48,BMIN210,0101,Darlene Dennison,162,0,0,2026-08-29 02:33:20
2026-08-29 02:29:48,BMIN210,0201,Darlene Dennison,162,73,0,2026-08-29 02:33:20
2026-08-29 02:29:48,BMIN305,0101,Tejwansh Anand,162,24,0,2026-08-29 02:33:20
2026-08-29 02:29:48,BMIN345,0101,Michael Padhi,275,27,0,2026-08-29 02:33:21
2026-08-29 02:29:48,BMIN355,0101,Idil Yaveroglu,162,0,0,2026-08-29 02:33:21
2026-08-29 02:29:48,BMIN355,0201,Idil Yaveroglu,162,41,0,2026-08-29 02:33:21
2026-08-29 02:29:48,BMIN375,0101,Leland Gardner,185,1,0,2026-08-29 02:33:22
2026-08-29 02:29:48,BMIN395,0101,Nima Farshchi,180,0,0,2026-08-29 02:33:22
2026-08-29 02:29:48,BMIN395,0201,Nima Farshchi,180,127,0,2026-08-29 02:33:22
2026-08-29 02:29:48,BOIS602,WI01,Woei-jyh Lee,40,5,0,2026-08-29 02:33:25
2026-08-29 02:29:48,BOIS604,WI01,Manmohan Aseri,40,5,0,2026-08-29 02:33:26
2026-08-29 02:29:48,BOIS631,WI01,Sujin Kim,40,6,0,2026-08-29 02:33:26
2026-08-29 02:29:48,BSOS355,0101,Liza Lebrun,30,30,0,2026-08-29 02:33:40
2026-08-29 02:29:48,BSOS361,0101,TC Lloyd,30,1,0,2026-08-29 02:33:41
2026-08-29 02:29:48,BSOS361,0103,Keia Brown,30,2,0,2026-08-29 02:33:41
2026-08-29 02:29:48,BSOS361,0104,David Tana,30,0,0,2026-08-29 02:33:41
2026-08-29 02:29:48,BSOS361,0105,TC Lloyd,30,0,0,2026-08-29 02:33:41
2026-08-29 02:29:48,BSOS388C,0101,Nikita Kimani,20,0,1,2026-08-29 02:33:41
2026-08-29 02:29:48,BSOS388C,0201,Nikita Kimani,20,5,0,2026-08-29 02:33:41
2026-08-29 02:29:48,BSOS388E,0101,Liza Lebrun,30,30,0,2026-08-29 02:33:41
2026-08-29 02:29:48,BUSO600,SO11,Neta Moye,42,3,0,2026-08-29 02:34:02
2026-08-29 02:29:48,BUSO600,SO12,Neta Moye,42,5,0,2026-08-29 02:34:02
2026-08-29 02:29:48,BUSO603,SO11,Ilya Ryzhov,42,5,0,2026-08-29 02:34:02
2026-08-29 02:29:48,BUSO603,SO12,Ilya Ryzhov,42,4,0,2026-08-29 02:34:02
2026-08-29 02:29:48,BUSO604,SO11,Bennet Zelner,42,5,0,2026-08-29 02:34:03
2026-08-29 02:29:48,BUSO604,SO12,Bennet Zelner,42,4,0,2026-08-29 02:34:03
2026-08-29 02:29:48,BUSO612,SO11,Henry Boyd,42,4,0,2026-08-29 02:34:03
2026-08-29 02:29:48,BUSO612,SO12,Henry Boyd,42,1,0,2026-08-29 02:34:03
2026-08-29 02:29:48,BUSO616,SO31,Brent Solomon,38,2,0,2026-08-29 02:34:04
2026-08-29 02:29:48,BUSO616,SO32,Brent Solomon,38,0,0,2026-08-29 02:34:04
2026-08-29 02:29:48,BUSO624,SO31,Yi Xu,38,4,0,2026-08-29 02:34:04
2026-08-29 02:29:48,BUSO624,SO32,Yi Xu,38,0,0,2026-08-29 02:34:04
2026-08-29 02:29:48,BUSO700,SO91,Paulo Prochno,0,0,0,2026-08-29 02:34:04
2026-08-29 02:29:48,BUSO711,SO31,Gosia Langa Basit,28,1,0,2026-08-29 02:34:05
2026-08-29 02:29:48,BUSO711,SO32,Gosia Langa Basit,28,4,0,2026-08-29 02:34:05
2026-08-29 02:29:48,BUSO711,SO33,Gosia Langa Basit,28,3,0,2026-08-29 02:34:05
2026-08-29 02:29:48,BUSO731,SO51,Tejwansh Anand,49,0,2,2026-08-29 02:34:05
2026-08-29 02:29:48,BUSO752,SO51,Leland Gardner,35,13,0,2026-08-29 02:34:06
2026-08-29 02:29:48,BUSO758G,SO51,James Seward,35,12,0,2026-08-29 02:34:06
2026-08-29 02:29:48,BUSO758M,SO51,Paulo Prochno,49,2,0,2026-08-29 02:34:07
2026-08-29 02:29:48,BUSO758M,SO52,Paulo Prochno,49,2,0,2026-08-29 02:34:07
2026-08-29 02:29:48,BUSO758T,SO51,Michael Cichello,35,17,0,2026-08-29 02:34:07
2026-08-29 02:29:48,BUSO758W,SO51,Yogesh Joshi,33,1,0,2026-08-29 02:34:07
2026-08-29 02:29:48,BUSO758W,SO52,Yogesh Joshi,33,3,0,2026-08-29 02:34:07
2026-08-29 02:29:48,BUSO758X,SO51,Pallassana Kannan,49,2,0,2026-08-29 02:34:08
2026-08-29 02:29:48,BUSO788F,GX01,Judy Frels,25,5,0,2026-08-29 02:34:08
2026-08-29 02:29:48,BUSO788W,GX01,Zhi-Long Chen,30,6,0,2026-08-29 02:34:09
2026-08-29 02:29:48,CHSE200,0101,Betsy Tornquist,10,1,0,2026-08-29 02:34:42
2026-08-29 02:29:48,CHSE205,0101,Yewon Lee,60,0,0,2026-08-29 02:34:43
2026-08-29 02:29:48,CHSE205,0201,Yewon Lee,60,0,0,2026-08-29 02:34:43
2026-08-29 02:29:48,CHSE228C,0101,Nikita Kimani,20,0,1,2026-08-29 02:34:43
2026-08-29 02:29:48,CHSE228C,0201,Nikita Kimani,20,5,0,2026-08-29 02:34:43
2026-08-29 02:29:48,CHSE228C,0301,Nikita Kimani,20,0,0,2026-08-29 02:34:43
2026-08-29 02:29:48,CHSE230,0101,Isabelle Grable,25,16,0,2026-08-29 02:34:44
2026-08-29 02:29:48,CHSE376,0101,Michael Dunham,22,0,21,2026-08-29 02:34:44
2026-08-29 02:29:48,CHSE376,0201,Colleen McGilpin,20,0,25,2026-08-29 02:34:44
2026-08-29 02:29:48,CHSE376,0301,Elizabeth Martinez,20,0,26,2026-08-29 02:34:44
2026-08-29 02:29:48,CHSE376,0401,Chanai Brewster,20,0,20,2026-08-29 02:34:44
2026-08-29 02:29:48,CHSE476,0101,Michael Dunham,20,7,0,2026-08-29 02:34:45
2026-08-29 02:29:48,CHSE477,0101,Michael Dunham,15,5,0,2026-08-29 02:34:45
2026-08-29 02:29:48,CHSE489,1901,Amy D'Agati,15,10,0,2026-08-29 02:34:46
2026-08-29 02:29:48,CHSE498,2401,Meredith Gramlich,10,2,0,2026-08-29 02:34:46
2026-08-29 02:29:48,CHSE498,3701,Michael Dunham,2,1,0,2026-08-29 02:34:46
2026-08-29 02:29:48,CINE245,0101,Eric Zakim,22,0,0,2026-08-29 02:34:48
2026-08-29 02:29:48,CINE245,0102,Eric Zakim,22,0,0,2026-08-29 02:34:48
2026-08-29 02:29:48,CINE245,0103,Eric Zakim,22,0,0,2026-08-29 02:34:48
2026-08-29 02:29:48,CINE245,0104,Eric Zakim,22,0,0,2026-08-29 02:34:48
2026-08-29 02:29:48,CINE280,0101,Porter Olsen,30,0,0,2026-08-29 02:34:49
2026-08-29 02:29:48,CINE280,0201,John Tobin,30,0,0,2026-08-29 02:34:49
2026-08-29 02:29:48,CINE298A,0101,Caroline Eades,20,0,1,2026-08-29 02:34:49
2026-08-29 02:29:48,CINE301,0101,Eric Zakim,30,0,0,2026-08-29 02:34:50
2026-08-29 02:29:48,CINE310,0101,Nathaniel Stevens,15,0,0,2026-08-29 02:34:50
2026-08-29 02:29:48,CINE315,0101,Yael Inbar,15,0,3,2026-08-29 02:34:51
2026-08-29 02:29:48,CINE319G,0101,Oliver Gaycken,25,16,0,2026-08-29 02:34:52
2026-08-29 02:29:48,CINE319P,5501,Samuel Crawford,10,0,3,2026-08-29 02:34:53
2026-08-29 02:29:48,CINE319Z,0101,Paul Cote,25,7,0,2026-08-29 02:34:53
2026-08-29 02:29:48,CINE329T,0101,Daniel Richter,25,0,28,2026-08-29 02:34:53
2026-08-29 02:29:48,CINE332,0101,Parker Brookie,25,0,3,2026-08-29 02:34:54
2026-08-29 02:29:48,CINE334,0101,Elizabeth Papazian,25,0,2,2026-08-29 02:34:55
2026-08-29 02:29:48,CINE337,0101,Jason Kuo,25,0,6,2026-08-29 02:34:55
2026-08-29 02:29:48,CINE342,0101,Luka Arsenjuk,20,0,6,2026-08-29 02:34:55
2026-08-29 02:29:48,CINE350,0101,John Drabinski,20,1,0,2026-08-29 02:34:56
2026-08-29 02:29:48,CINE359C,0101,Daniel Richter,25,0,9,2026-08-29 02:34:56
2026-08-29 02:29:48,CINE369B,0101,Eva Hageman,30,0,0,2026-08-29 02:34:57
2026-08-29 02:29:48,CINE369K,0101,Paul Cote,20,0,2,2026-08-29 02:34:57
2026-08-29 02:29:48,CINE376,0101,Ross Angelella,15,4,0,2026-08-29 02:34:58
2026-08-29 02:29:48,CINE376,0102,Ross Angelella,5,2,0,2026-08-29 02:34:58
2026-08-29 02:29:48,CINE415,0101,Mathew Bainbridge,15,0,1,2026-08-29 02:34:59
2026-08-29 02:29:48,CINE419P,0101,Oliver Gaycken,20,14,0,2026-08-29 02:34:59
2026-08-29 02:29:48,CINE459P,0101,Luka Arsenjuk,20,0,0,2026-08-29 02:35:00
2026-08-29 02:29:48,CLAS170,0101,Chiara Graf,21,0,0,2026-08-29 02:35:02
2026-08-29 02:29:48,CLAS170,0102,Chiara Graf,21,0,0,2026-08-29 02:35:02
2026-08-29 02:29:48,CLAS170,0103,Chiara Graf,21,0,0,2026-08-29 02:35:02
2026-08-29 02:29:48,CLAS170,0104,Chiara Graf,21,0,0,2026-08-29 02:35:02
2026-08-29 02:29:48,CLAS170,0105,Chiara Graf,21,0,0,2026-08-29 02:35:02
2026-08-29 02:29:48,CLAS170,0106,Chiara Graf,21,0,0,2026-08-29 02:35:02
2026-08-29 02:29:48,CLAS170,0107,Chiara Graf,21,0,0,2026-08-29 02:35:02
2026-08-29 02:29:48,CLAS170,0108,Chiara Graf,21,0,0,2026-08-29 02:35:02
2026-08-29 02:29:48,CLAS170,0109,Chiara Graf,22,0,0,2026-08-29 02:35:02
2026-08-29 02:29:48,CLAS170,FC01,Chelsea Stolt,24,0,0,2026-08-29 02:35:02
2026-08-29 02:29:48,CLAS170,FC02,Chelsea Stolt,24,0,0,2026-08-29 02:35:02
2026-08-29 02:29:48,CLAS170,FC03,Eugenia Lao,24,0,0,2026-08-29 02:35:02
2026-08-29 02:29:48,CLAS170,FC05,Charis Addai,24,0,0,2026-08-29 02:35:02
2026-08-29 02:29:48,CLAS277,0101,Chiara Graf,25,0,1,2026-08-29 02:35:03
2026-08-29 02:29:48,CLAS277,0102,Chiara Graf,25,0,2,2026-08-29 02:35:03
2026-08-29 02:29:48,CLAS277,0103,Chiara Graf,25,0,2,2026-08-29 02:35:03
2026-08-29 02:29:48,CLAS277,0104,Chiara Graf,25,1,0,2026-08-29 02:35:03
2026-08-29 02:29:48,CLAS277,0105,Chiara Graf,25,0,0,2026-08-29 02:35:03
2026-08-29 02:29:48,CLAS277,0106,Chiara Graf,25,0,1,2026-08-29 02:35:03
2026-08-29 02:29:48,CLAS305,0101,Jorge Bravo,35,2,0,2026-08-29 02:35:03
2026-08-29 02:29:48,CLAS309N,0101,Nathan Levine,35,26,0,2026-08-29 02:35:04
2026-08-29 02:29:48,CLAS310,0101,Rachel Singpurwalla,20,0,3,2026-08-29 02:35:04
2026-08-29 02:29:48,CLAS310,0102,Rachel Singpurwalla,20,0,5,2026-08-29 02:35:04
2026-08-29 02:29:48,CLAS310,0103,Rachel Singpurwalla,20,0,5,2026-08-29 02:35:04
2026-08-29 02:29:48,CLAS312,0101,Polyvia Parara,35,0,2,2026-08-29 02:35:05
2026-08-29 02:29:48,CMLT235,0101,Brielle Gorrell,30,0,0,2026-08-29 02:35:09
2026-08-29 02:29:48,CMLT270,0101,Hannah (Toyin) Adeyemi,30,0,0,2026-08-29 02:35:09
2026-08-29 02:29:48,CMLT270,0201,Shakiba Sharifpour,30,0,0,2026-08-29 02:35:09
2026-08-29 02:29:48,CMLT275,0201,Abhinav Bhardwaj,30,0,0,2026-08-29 02:35:09
2026-08-29 02:29:48,CMLT277,0101,Nahid Ahmadian,30,0,2,2026-08-29 02:35:10
2026-08-29 02:29:48,CMLT280,0101,Porter Olsen,30,0,0,2026-08-29 02:35:10
2026-08-29 02:29:48,CMLT280,0201,John Tobin,30,0,0,2026-08-29 02:35:10
2026-08-29 02:29:48,CPBE100,0101,Oliver Schlake,95,26,0,2026-08-29 02:35:52
2026-08-29 02:29:48,CPBE200,0101,Oliver Schlake,75,32,0,2026-08-29 02:35:52
2026-08-29 02:29:48,CPBE225,0101,Ira Koretsky,38,13,0,2026-08-29 02:35:53
2026-08-29 02:29:48,CPBE225,0102,Ira Koretsky,38,22,0,2026-08-29 02:35:53
2026-08-29 02:29:48,CPCV100,0101,Julie Randolph,40,1,0,2026-08-29 02:35:55
2026-08-29 02:29:48,CPCV100,0201,Julie Randolph,40,7,0,2026-08-29 02:35:55
2026-08-29 02:29:48,CPCV200,0101,Julie Randolph,35,2,0,2026-08-29 02:35:55
2026-08-29 02:29:48,CPCV200,0201,Julie Randolph,35,15,0,2026-08-29 02:35:55
2026-08-29 02:29:48,CPCV225,0101,Korey Rothman,75,3,0,2026-08-29 02:35:55
2026-08-29 02:29:48,CPDJ100,0101,Jess Feltner,75,1,0,2026-08-29 02:35:57
2026-08-29 02:29:48,CPDJ200,0101,Andrew Fellows,75,36,0,2026-08-29 02:35:58
2026-08-29 02:29:48,CPET100,0101,Tim Knight,75,0,1,2026-08-29 02:35:59
2026-08-29 02:29:48,CPET200,0101,Tim Knight,75,9,0,2026-08-29 02:36:00
2026-08-29 02:29:48,CPGH100,0101,John Wiggins,85,6,0,2026-08-29 02:36:02
2026-08-29 02:29:48,CPGH200,0101,John Wiggins,75,17,0,2026-08-29 02:36:02
2026-08-29 02:29:48,CPJT100,0101,Justine DeCamillis,75,6,0,2026-08-29 02:36:04
2026-08-29 02:29:48,CPJT200,0101,Justine DeCamillis,75,20,0,2026-08-29 02:36:05
2026-08-29 02:29:48,CPMS100,0101,Carole Lee,75,0,0,2026-08-29 02:36:06
2026-08-29 02:29:48,CPMS200,0101,Alison Burns,75,14,0,2026-08-29 02:36:07
2026-08-29 02:29:48,CPMS225,0101,Alison Burns,75,0,0,2026-08-29 02:36:07
2026-08-29 02:29:48,CPMS230,0101,Alison Burns,30,13,0,2026-08-29 02:36:08
2026-08-29 02:29:48,CPMS240,0101,Carole Lee,20,18,0,2026-08-29 02:36:08
2026-08-29 02:29:48,CPPL100,0101,Kelly Brower,78,3,0,2026-08-29 02:36:10
2026-08-29 02:29:48,CPPL200,0101,Susannah Washburn,75,16,0,2026-08-29 02:36:10
2026-08-29 02:29:48,CPSA100,0101,Andrea Cesar,75,11,0,2026-08-29 02:36:12
2026-08-29 02:29:48,CPSA200,0101,Andrea Cesar,75,35,0,2026-08-29 02:36:12
2026-08-29 02:29:48,CPSF100,0101,Nicholas Fletcher,85,1,0,2026-08-29 02:36:14
2026-08-29 02:29:48,CPSF200,0101,Nicholas Fletcher,75,5,0,2026-08-29 02:36:15
2026-08-29 02:29:48,CPSG100,0101,Thomas Holtz,85,7,0,2026-08-29 02:36:16
2026-08-29 02:29:48,CPSG200,0101,Thomas Holtz,75,30,0,2026-08-29 02:36:17
2026-08-29 02:29:48,CPSN100,0101,Hansol Kwak,85,3,0,2026-08-29 02:36:18
2026-08-29 02:29:48,CPSN200,0101,Stacy Kosko,75,37,0,2026-08-29 02:36:19
2026-08-29 02:29:48,CPSN230,0101,Sarah Kilmer,20,18,0,2026-08-29 02:36:19
2026-08-29 02:29:48,CPSN240,0101,Sarah Kilmer,10,7,0,2026-08-29 02:36:20
2026-08-29 02:29:48,CPSN250,0101,Sarah Kilmer,5,5,0,2026-08-29 02:36:20
2026-08-29 02:29:48,CPSP110,0101,Instructor: TBA,18,13,0,2026-08-29 02:36:22
2026-08-29 02:29:48,CPSP110,0201,Instructor: TBA,18,16,0,2026-08-29 02:36:22
2026-08-29 02:29:48,CPSP220,0101,Tiara Thomas,20,0,0,2026-08-29 02:36:22
2026-08-29 02:29:48,CPSP239A,0101,Heather-Erin Bremenstuhl,10,6,0,2026-08-29 02:36:23
2026-08-29 02:29:48,CPSP269C,0101,Korey Rothman,5,5,0,2026-08-29 02:36:23
2026-08-29 02:29:48,CPSP339P,0101,Susannah Washburn,10,8,0,2026-08-29 02:36:24
2026-08-29 02:29:48,CPSS100,0101,David Tomblin,85,5,0,2026-08-29 02:36:26
2026-08-29 02:29:48,CPSS220,0101,Nicole Mogul,20,4,0,2026-08-29 02:36:26
2026-08-29 02:29:48,CPSS225,0101,Roan Parrish,20,13,0,2026-08-29 02:36:26
2026-08-29 02:29:48,CPSS340,0101,David Tomblin,20,5,0,2026-08-29 02:36:27
2026-08-29 02:29:48,CRLN101,0103,Myles Alexander,25,0,0,2026-08-29 02:36:29
2026-08-29 02:29:48,CRLN101,0104,Tami Smith,25,0,1,2026-08-29 02:36:29
2026-08-29 02:29:48,CRLN101,0105,Denis Garcia Reyes,25,0,0,2026-08-29 02:36:29
2026-08-29 02:29:48,CRLN101,0106,Mitch Woolley,25,4,0,2026-08-29 02:36:29
2026-08-29 02:29:48,CRLN101,0107,Esohe Owie,25,0,0,2026-08-29 02:36:29
2026-08-29 02:29:48,DATA100,0111,Matthew Griffin,33,0,0,2026-08-29 02:36:41
2026-08-29 02:29:48,DATA100,0112,Matthew Griffin,35,1,0,2026-08-29 02:36:41
2026-08-29 02:29:48,DATA100,0121,Matthew Griffin,35,3,0,2026-08-29 02:36:41
2026-08-29 02:29:48,DATA100,0122,Matthew Griffin,33,1,0,2026-08-29 02:36:41
2026-08-29 02:29:48,DATA100,0123,Matthew Griffin,33,0,0,2026-08-29 02:36:41
2026-08-29 02:29:48,DATA100,0124,Matthew Griffin,33,0,1,2026-08-29 02:36:41
2026-08-29 02:29:48,DATA100,0131,Matthew Griffin,33,1,0,2026-08-29 02:36:41
2026-08-29 02:29:48,DATA100,0141,Matthew Griffin,35,1,0,2026-08-29 02:36:41
2026-08-29 02:29:48,DATA100,0142,Matthew Griffin,33,0,0,2026-08-29 02:36:41
2026-08-29 02:29:48,DATA100,0211,Matthew Griffin,33,0,0,2026-08-29 02:36:41
2026-08-29 02:29:48,DATA100,0212,Matthew Griffin,35,3,0,2026-08-29 02:36:41
2026-08-29 02:29:48,DATA100,0221,Matthew Griffin,30,0,1,2026-08-29 02:36:41
2026-08-29 02:29:48,DATA100,0223,Matthew Griffin,32,1,0,2026-08-29 02:36:41
2026-08-29 02:29:48,DATA100,0224,Matthew Griffin,30,0,1,2026-08-29 02:36:41
2026-08-29 02:29:48,DATA100,0231,Matthew Griffin,33,2,0,2026-08-29 02:36:41
2026-08-29 02:29:48,DATA100,0311,Archana Khurana,35,3,0,2026-08-29 02:36:41
2026-08-29 02:29:48,DATA100,0312,Archana Khurana,35,4,0,2026-08-29 02:36:41
2026-08-29 02:29:48,DATA100,0321,Archana Khurana,35,4,0,2026-08-29 02:36:41
2026-08-29 02:29:48,DATA100,0322,Archana Khurana,35,4,0,2026-08-29 02:36:41
2026-08-29 02:29:48,DATA100,0323,Archana Khurana,35,4,0,2026-08-29 02:36:41
2026-08-29 02:29:48,DATA100,0341,Archana Khurana,35,5,0,2026-08-29 02:36:41
2026-08-29 02:29:48,DATA110,0101,Susan Mazzullo,250,0,0,2026-08-29 02:36:41
2026-08-29 02:29:48,DATA120,0101,Fardina Alam,200,0,0,2026-08-29 02:36:41
2026-08-29 02:29:48,DATA200,0101,Fardina Alam,90,30,0,2026-08-29 02:36:42
2026-08-29 02:29:48,DATA250,0101,Todd Rowland,43,3,0,2026-08-29 02:36:42
2026-08-29 02:29:48,DATA320,0101,Maksym Morawski,15,10,0,2026-08-29 02:36:43
2026-08-29 02:29:48,DATA320,0201,Maksym Morawski,15,2,0,2026-08-29 02:36:43
2026-08-29 02:29:48,DATA320,0301,Fardina Alam,20,0,2,2026-08-29 02:36:43
2026-08-29 02:29:48,DATA350,0101,Raluca Rosca,30,6,0,2026-08-29 02:36:43
2026-08-29 02:29:48,DATA350,0201,Jonathan Fernandes,34,1,0,2026-08-29 02:36:43
2026-08-29 02:29:48,DATA400,0111,Salman Safdar,27,0,0,2026-08-29 02:36:44
2026-08-29 02:29:48,DATA400,0112,Salman Safdar,30,0,0,2026-08-29 02:36:44
2026-08-29 02:29:48,DATA400,0121,Salman Safdar,27,0,0,2026-08-29 02:36:44
2026-08-29 02:29:48,DATA400,0122,Salman Safdar,27,0,0,2026-08-29 02:36:44
2026-08-29 02:29:48,DATA400,0131,Salman Safdar,27,2,0,2026-08-29 02:36:44
2026-08-29 02:29:48,DATA400,0132,Salman Safdar,27,12,0,2026-08-29 02:36:44
2026-08-29 02:29:48,DATA400,0211,Timothy Pilachowski,30,0,0,2026-08-29 02:36:44
2026-08-29 02:29:48,DATA400,0212,Timothy Pilachowski,30,1,0,2026-08-29 02:36:44
2026-08-29 02:29:48,DATA400,0221,Timothy Pilachowski,30,1,0,2026-08-29 02:36:44
2026-08-29 02:29:48,DATA400,0222,Timothy Pilachowski,30,1,0,2026-08-29 02:36:44
2026-08-29 02:29:48,DATA400,0231,Timothy Pilachowski,30,1,0,2026-08-29 02:36:44
2026-08-29 02:29:48,DATA400,0232,Timothy Pilachowski,30,0,0,2026-08-29 02:36:44
2026-08-29 02:29:48,DATA400,0311,Mestiyage Gunatilleka,32,0,1,2026-08-29 02:36:44
2026-08-29 02:29:48,DATA400,0312,Mestiyage Gunatilleka,30,0,1,2026-08-29 02:36:44
2026-08-29 02:29:48,DATA400,0321,Mestiyage Gunatilleka,32,0,0,2026-08-29 02:36:44
2026-08-29 02:29:48,DATA400,0322,Mestiyage Gunatilleka,30,0,0,2026-08-29 02:36:44
2026-08-29 02:29:48,DATA400,0331,Mestiyage Gunatilleka,32,0,0,2026-08-29 02:36:44
2026-08-29 02:29:48,DATA400,0332,Mestiyage Gunatilleka,30,0,1,2026-08-29 02:36:44
2026-08-29 02:29:48,DATA400,0511,Shixin Zheng,35,0,1,2026-08-29 02:36:44
2026-08-29 02:29:48,DATA400,0521,Shixin Zheng,35,0,0,2026-08-29 02:36:44
2026-08-29 02:29:48,DATA400,0531,Shixin Zheng,35,0,0,2026-08-29 02:36:44
2026-08-29 02:29:48,DATA601,PCS1,Sandra Cerrai,50,0,0,2026-08-29 02:36:44
2026-08-29 02:29:48,DATA601,PCS2,Jonathan Fernandes,60,12,0,2026-08-29 02:36:44
2026-08-29 02:29:48,DATA601,PWS1,Leonid Koralov,60,8,0,2026-08-29 02:36:44
2026-08-29 02:29:48,DATA602,PCS1,Sujeong Kim,44,1,0,2026-08-29 02:36:44
2026-08-29 02:29:48,DATA602,PCS2,Sujeong Kim,44,11,0,2026-08-29 02:36:44
2026-08-29 02:29:48,DATA602,PWS1,Fardina Alam,44,0,0,2026-08-29 02:36:44
2026-08-29 02:29:48,DATA603,PCS1,Babak Azimi-Sadjadi,55,9,0,2026-08-29 02:36:45
2026-08-29 02:29:48,DATA603,PWS1,Kemal Davaslioglu,55,17,0,2026-08-29 02:36:45
2026-08-29 02:29:48,DATA605,PCS1,Tammy Perrin,44,30,0,2026-08-29 02:36:45
2026-08-29 02:29:48,DATA605,PCS2,Tammy Perrin,44,19,0,2026-08-29 02:36:45
2026-08-29 02:29:48,DATA605,PWS1,Giacinto Paolo Saggese,44,36,0,2026-08-29 02:36:45
2026-08-29 02:29:48,DATA607,PCS1,Mestiyage Gunatilleka,44,30,0,2026-08-29 02:36:46
2026-08-29 02:29:48,DATA607,PCS2,Kendall Williams,55,0,0,2026-08-29 02:36:46
2026-08-29 02:29:48,DATA607,PCS3,Vincent Lyzinski,44,0,0,2026-08-29 02:36:46
2026-08-29 02:29:48,DATA612,PCS1,Samet Ayhan,50,20,0,2026-08-29 02:36:46
2026-08-29 02:29:48,DATA612,PWS1,Samet Ayhan,44,13,0,2026-08-29 02:36:46
2026-08-29 02:29:48,DATA641,PCS1,Toki Inan,50,11,0,2026-08-29 02:36:46
2026-08-29 02:29:48,DATA641,PWS1,Armin Mehrabian,50,0,1,2026-08-29 02:36:46
2026-08-29 02:29:48,DATA643,PCS1,Charles Forgy,50,24,0,2026-08-29 02:36:47
2026-08-29 02:29:48,DATA650,PCS1,Emre Gunduzhan,54,4,0,2026-08-29 02:36:47
2026-08-29 02:29:48,DATA650,PCS2,Emre Gunduzhan,54,5,0,2026-08-29 02:36:47
2026-08-29 02:29:48,ENAI600,0101,C Ravishankar,35,21,0,2026-08-29 02:37:27
2026-08-29 02:29:48,ENAI600,AEC1,C Ravishankar,20,5,0,2026-08-29 02:37:27
2026-08-29 02:29:48,ENAI601,0101,Richard La,35,23,0,2026-08-29 02:37:27
2026-08-29 02:29:48,ENAI601,AEC1,Richard La,20,6,0,2026-08-29 02:37:27
2026-08-29 02:29:48,ENAI607,0101,Zoltan Safar,29,24,0,2026-08-29 02:37:28
2026-08-29 02:29:48,ENAI607,AEC1,Zoltan Safar,20,9,0,2026-08-29 02:37:28
2026-08-29 02:29:48,ENBC301,ESG1,Sivan Saravanapavan,20,10,0,2026-08-29 02:37:30
2026-08-29 02:29:48,ENBC311,ESG1,Bahaa Ghammraoui,20,12,0,2026-08-29 02:37:30
2026-08-29 02:29:48,ENBC322,ESG1,Kyunghun Lee,20,11,0,2026-08-29 02:37:30
2026-08-29 02:29:48,ENBC331,ESG1,Lan Ma,20,10,0,2026-08-29 02:37:31
2026-08-29 02:29:48,ENBC332,ESG1,Jamasp Azarnoosh,20,12,0,2026-08-29 02:37:31
2026-08-29 02:29:48,ENBC341,ESG1,Jarred Callura,20,13,0,2026-08-29 02:37:32
2026-08-29 02:29:48,ENBC353,ESG1,Jarred Callura,20,15,0,2026-08-29 02:37:32
2026-08-29 02:29:48,ENBC399,ESG1,Nan Xu,1,0,0,2026-08-29 02:37:33
2026-08-29 02:29:48,ENBC399,ESG2,Lan Ma,1,0,0,2026-08-29 02:37:33
2026-08-29 02:29:48,ENBC399,ESG3,Jamasp Azarnoosh,1,1,0,2026-08-29 02:37:33
2026-08-29 02:29:48,ENBC399,ESG4,Lan Ma,1,1,0,2026-08-29 02:37:33
2026-08-29 02:29:48,ENBC399,ESG5,Jamasp Azarnoosh,1,0,0,2026-08-29 02:37:33
2026-08-29 02:29:48,ENBC399,ESG6,Jamasp Azarnoosh,1,0,0,2026-08-29 02:37:33
2026-08-29 02:29:48,ENBC399,ESG7,Jamasp Azarnoosh,1,1,0,2026-08-29 02:37:33
2026-08-29 02:29:48,ENBC423,ESG1,Jian Su,20,13,0,2026-08-29 02:37:33
2026-08-29 02:29:48,ENBC425,ESG1,Jamasp Azarnoosh,20,13,0,2026-08-29 02:37:34
2026-08-29 02:29:48,ENBC431,ESG1,Lan Ma,20,13,0,2026-08-29 02:37:34
2026-08-29 02:29:48,ENEB302,ESG1,Wesley Lawson,20,4,0,2026-08-29 02:37:50
2026-08-29 02:29:48,ENEB340,ESG1,Nestor Michael Tiglao,20,4,0,2026-08-29 02:37:50
2026-08-29 02:29:48,ENEB341,ESG1,Nestor Michael Tiglao,20,4,0,2026-08-29 02:37:51
2026-08-29 02:29:48,ENEB344,ESG1,Jerry Wu,20,4,0,2026-08-29 02:37:51
2026-08-29 02:29:48,ENEB346,ESG1,Nestor Michael Tiglao,20,14,0,2026-08-29 02:37:52
2026-08-29 02:29:48,ENEB354,ESG1,Yavuz Oruc,20,4,0,2026-08-29 02:37:52
2026-08-29 02:29:48,ENEB408A,ESG1,Nestor Michael Tiglao,20,14,0,2026-08-29 02:37:53
2026-08-29 02:29:48,ENEB444,ESG1,Manoj Franklin,20,14,0,2026-08-29 02:37:53
2026-08-29 02:29:48,ENEB454,ESG1,Jerry Wu,20,14,0,2026-08-29 02:37:53
2026-08-29 02:29:48,ENED036,0101,Hillary Owusu,20,18,0,2026-08-29 02:37:55
2026-08-29 02:29:48,ENED101,0101,Shannon Bate,20,0,0,2026-08-29 02:37:56
2026-08-29 02:29:48,ENED115,0101,Danielle Barker,100,6,0,2026-08-29 02:37:56
2026-08-29 02:29:48,ENED215,0101,Tyler Huddleston,30,0,0,2026-08-29 02:37:56
2026-08-29 02:29:48,ENED215,0102,Samantha Sabihi,40,23,0,2026-08-29 02:37:56
2026-08-29 02:29:48,ENED215,0103,Paige Smith,6,0,0,2026-08-29 02:37:56
2026-08-29 02:29:48,ENED290H,0101,Christopher Troilo,46,2,0,2026-08-29 02:37:57
2026-08-29 02:29:48,ENED390H,0101,Tony Barber,50,11,0,2026-08-29 02:37:57
2026-08-29 02:29:48,ENED394H,0101,Manmohan Aseri,65,15,0,2026-08-29 02:37:58
2026-08-29 02:29:48,ENED397,0101,Emily Marks,9,1,0,2026-08-29 02:37:58
2026-08-29 02:29:48,ENED490H,0101,David Ashley,45,6,0,2026-08-29 02:37:58
2026-08-29 02:29:48,ENED491,0101,Jessica Roffe,10,1,0,2026-08-29 02:37:59
2026-08-29 02:29:48,ENMT301,ESG1,Colleen Murray,15,12,0,2026-08-29 02:39:24
2026-08-29 02:29:48,ENMT322,ESG1,Gurtajbir Herr,15,12,0,2026-08-29 02:39:25
2026-08-29 02:29:48,ENMT361,ESG1,Young Choi,15,12,0,2026-08-29 02:39:25
2026-08-29 02:29:48,ENMT380,ESG1,Gurtajbir Herr,15,12,0,2026-08-29 02:39:26
2026-08-29 02:29:48,ENMT450,ESG1,Nicholas Limparis,7,5,0,2026-08-29 02:39:26
2026-08-29 02:29:48,ENMT471,ESG1,Colleen Murray,7,5,0,2026-08-29 02:39:26
2026-08-29 02:29:48,ENMT473,ESG1,Gurtajbir Herr,7,4,0,2026-08-29 02:39:27
2026-08-29 02:29:48,ENMT483,ESG1,Nicholas Limparis,7,5,0,2026-08-29 02:39:27
2026-08-29 02:29:48,ENSE621,0101,Tony Barber,22,16,0,2026-08-29 02:39:36
2026-08-29 02:29:48,ENSE621,SY01,Tony Barber,15,0,0,2026-08-29 02:39:36
2026-08-29 02:29:48,ENSE623,0101,Steven Biemer,17,15,0,2026-08-29 02:39:36
2026-08-29 02:29:48,ENSE623,SY01,Steven Biemer,15,10,0,2026-08-29 02:39:36
2026-08-29 02:29:48,ENSE626,0101,Dane Cooper,20,15,0,2026-08-29 02:39:37
2026-08-29 02:29:48,ENSE626,SY01,Dane Cooper,15,9,0,2026-08-29 02:39:37
2026-08-29 02:29:48,ENSP101,0101,Annette Spivy,25,0,0,2026-08-29 02:39:39
2026-08-29 02:29:48,ENSP101,0102,Annette Spivy,24,0,0,2026-08-29 02:39:39
2026-08-29 02:29:48,ENSP101,0103,Annette Spivy,24,0,0,2026-08-29 02:39:39
2026-08-29 02:29:48,ENSP101,0104,Annette Spivy,24,0,0,2026-08-29 02:39:39
2026-08-29 02:29:48,ENSP101,0105,Annette Spivy,25,0,0,2026-08-29 02:39:39
2026-08-29 02:29:48,ENSP101,0106,Annette Spivy,24,0,0,2026-08-29 02:39:39
2026-08-29 02:29:48,ENSP101,0107,Annette Spivy,24,0,0,2026-08-29 02:39:39
2026-08-29 02:29:48,ENSP101,FC01,Annette Spivy,32,0,0,2026-08-29 02:39:39
2026-08-29 02:29:48,ENSP305,0101,Annette Spivy,23,0,2,2026-08-29 02:39:40
2026-08-29 02:29:48,ENSP330,0101,Joanna Goger,35,0,0,2026-08-29 02:39:40
2026-08-29 02:29:48,ENSP340,0101,Caroline Boules,25,0,0,2026-08-29 02:39:41
2026-08-29 02:29:48,ENSP360,0101,Leena Malayil,25,0,4,2026-08-29 02:39:41
2026-08-29 02:29:48,ENSP399R,0601,Annette Spivy,10,10,0,2026-08-29 02:39:42
2026-08-29 02:29:48,ENSP399R,1001,Jennifer Mullinax,10,10,0,2026-08-29 02:39:42
2026-08-29 02:29:48,ENSP400,0101,Colleen O'Donnell,35,12,0,2026-08-29 02:39:43
2026-08-29 02:29:48,ENSP400,0102,Joanna Goger,35,12,0,2026-08-29 02:39:43
2026-08-29 02:29:48,ENVH121,FC01,Brienna Anderson,20,10,0,2026-08-29 02:40:02
2026-08-29 02:29:48,ENVH381,0101,Donald Milton,30,12,0,2026-08-29 02:40:02
2026-08-29 02:29:48,FGSM310,0101,Peter Owen,24,0,0,2026-08-29 02:40:08
2026-08-29 02:29:48,FGSM315,0101,Emily Shetty,22,0,0,2026-08-29 02:40:08
2026-08-29 02:29:48,FGSM320,0101,Woodie Kessel,24,2,0,2026-08-29 02:40:09
2026-08-29 02:29:48,FGSM325,0101,Rob Long,20,1,0,2026-08-29 02:40:09
2026-08-29 02:29:48,FGSM330,0101,Andrew Fausett,22,1,0,2026-08-29 02:40:09
2026-08-29 02:29:48,FGSM340,0101,Ed Fendley,22,1,0,2026-08-29 02:40:10
2026-08-29 02:29:48,FGSM350,0101,Sean Misko,22,1,0,2026-08-29 02:40:10
2026-08-29 02:29:48,FGSM355,0101,Amanda Schoch,20,0,0,2026-08-29 02:40:11
2026-08-29 02:29:48,FGSM360,0101,Nadia Farra,20,1,0,2026-08-29 02:40:11
2026-08-29 02:29:48,FGSM365,0101,Andrew Nissen,20,0,0,2026-08-29 02:40:11
2026-08-29 02:29:48,FGSM370,0101,Joshua Glasser,20,1,0,2026-08-29 02:40:12
2026-08-29 02:29:48,FGSM390,0101,Sasha Koo-Oshima,20,3,0,2026-08-29 02:40:12
2026-08-29 02:29:48,FGSM398,0101,Jayakumar Arasan,25,24,0,2026-08-29 02:40:13
2026-08-29 02:29:48,FGSM398,0201,Jayakumar Arasan,5,2,0,2026-08-29 02:40:13
2026-08-29 02:29:48,FIRE120,0101,Jessica O'Hara,36,0,0,2026-08-29 02:40:15
2026-08-29 02:29:48,FIRE120,0102,Shannon Hilton,36,7,0,2026-08-29 02:40:15
2026-08-29 02:29:48,FIRE120,0103,Jaclyn Bruner,36,0,0,2026-08-29 02:40:15
2026-08-29 02:29:48,FIRE120,0104,Danielle Niu,36,0,0,2026-08-29 02:40:15
2026-08-29 02:29:48,FIRE120,0105,Cherisse Hall,36,0,0,2026-08-29 02:40:15
2026-08-29 02:29:48,FIRE120,0106,Sara Strey,36,0,0,2026-08-29 02:40:15
2026-08-29 02:29:48,FIRE120,0107,Helene Nguemgaing,36,0,0,2026-08-29 02:40:15
2026-08-29 02:29:48,FIRE120,0108,Mary Chey,36,1,0,2026-08-29 02:40:15
2026-08-29 02:29:48,FIRE120,0109,Shannon Hilton,36,0,0,2026-08-29 02:40:15
2026-08-29 02:29:48,FIRE120,0110,Lena Johnson,36,0,0,2026-08-29 02:40:15
2026-08-29 02:29:48,FIRE120,0111,Benjamin Huffman,36,0,0,2026-08-29 02:40:15
2026-08-29 02:29:48,FIRE120,0112,Mary Chey,36,0,0,2026-08-29 02:40:15
2026-08-29 02:29:48,FIRE120,0113,Elizabeth Massey,36,7,0,2026-08-29 02:40:15
2026-08-29 02:29:48,FIRE120,0114,Benjamin Huffman,36,0,0,2026-08-29 02:40:15
2026-08-29 02:29:48,FIRE120,FC01,Danielle Niu,40,0,48,2026-08-29 02:40:15
2026-08-29 02:29:48,FIRE298,0101,Catherine Spirito,28,3,0,2026-08-29 02:40:15
2026-08-29 02:29:48,FIRE298,0103,Cherisse Hall,36,10,0,2026-08-29 02:40:15
2026-08-29 02:29:48,FIRE298,0104,Jessica O'Hara,36,4,0,2026-08-29 02:40:15
2026-08-29 02:29:48,FIRE298,0105,Kaylee Bloom,36,7,0,2026-08-29 02:40:15
2026-08-29 02:29:48,FIRE298,0106,Danielle Niu,36,18,0,2026-08-29 02:40:15
2026-08-29 02:29:48,FIRE298,0107,Benjamin Huffman,40,3,0,2026-08-29 02:40:15
2026-08-29 02:29:48,FIRE298,0108,Elizabeth Massey,40,15,0,2026-08-29 02:40:15
2026-08-29 02:29:48,FIRE298,0109,Shannon Hilton,40,8,0,2026-08-29 02:40:15
2026-08-29 02:29:48,FIRE298,0110,Jaclyn Bruner,40,18,0,2026-08-29 02:40:15
2026-08-29 02:29:48,FIRE298,0111,Mary Chey,36,7,0,2026-08-29 02:40:15
2026-08-29 02:29:48,FIRE298,0112,Helene Nguemgaing,40,16,0,2026-08-29 02:40:15
2026-08-29 02:29:48,FIRE298,0113,Kristina Kramarczuk,40,11,0,2026-08-29 02:40:15
2026-08-29 02:29:48,FIRE298,0114,Shabnam Jabeen,40,24,0,2026-08-29 02:40:15
2026-08-29 02:29:48,FIRE298,0115,Sara Strey,40,15,0,2026-08-29 02:40:15
2026-08-29 02:29:48,FIRE298,0116,Lena Johnson,40,7,0,2026-08-29 02:40:15
2026-08-29 02:29:48,FIRE398,0101,Catherine Spirito,15,4,0,2026-08-29 02:40:15
2026-08-29 02:29:48,FIRE398,0103,Cherisse Hall,15,4,0,2026-08-29 02:40:15
2026-08-29 02:29:48,FIRE398,0104,Jessica O'Hara,15,3,0,2026-08-29 02:40:15
2026-08-29 02:29:48,FIRE398,0105,Kaylee Bloom,15,2,0,2026-08-29 02:40:15
2026-08-29 02:29:48,FIRE398,0106,Danielle Niu,15,11,0,2026-08-29 02:40:15
2026-08-29 02:29:48,FIRE398,0107,Benjamin Huffman,15,3,0,2026-08-29 02:40:15
2026-08-29 02:29:48,FIRE398,0108,Elizabeth Massey,15,6,0,2026-08-29 02:40:15
2026-08-29 02:29:48,FIRE398,0109,Shannon Hilton,15,9,0,2026-08-29 02:40:15
2026-08-29 02:29:48,FIRE398,0110,Jaclyn Bruner,15,8,0,2026-08-29 02:40:15
2026-08-29 02:29:48,FIRE398,0111,Mary Chey,15,5,0,2026-08-29 02:40:15
2026-08-29 02:29:48,FIRE398,0112,Helene Nguemgaing,15,15,0,2026-08-29 02:40:15
2026-08-29 02:29:48,FIRE398,0113,Kristina Kramarczuk,15,6,0,2026-08-29 02:40:15
2026-08-29 02:29:48,FIRE398,0114,Shabnam Jabeen,15,15,0,2026-08-29 02:40:15
2026-08-29 02:29:48,FIRE398,0115,Sara Strey,15,14,0,2026-08-29 02:40:15
2026-08-29 02:29:48,FIRE398,0116,Lena Johnson,15,11,0,2026-08-29 02:40:15
2026-08-29 02:29:48,GBHL200,0101,Hassanatu Blake,30,0,3,2026-08-29 02:40:39
2026-08-29 02:29:48,GBHL200,FC01,Zandra Andre,25,0,0,2026-08-29 02:40:39
2026-08-29 02:29:48,GBHL210,0101,Leena Malayil,25,8,0,2026-08-29 02:40:40
2026-08-29 02:29:48,GBHL399,0101,Hassanatu Blake,3,3,0,2026-08-29 02:40:41
2026-08-29 02:29:48,GBHL399,0111,Dina Borzekowski,5,5,0,2026-08-29 02:40:41
2026-08-29 02:29:48,GEMS101,0101,Allison Lansverk,10,0,0,2026-08-29 02:40:43
2026-08-29 02:29:48,GEMS101,0103,Allison Lansverk,10,1,0,2026-08-29 02:40:43
2026-08-29 02:29:48,GEMS101,0104,Allison Lansverk,10,0,0,2026-08-29 02:40:43
2026-08-29 02:29:48,GEMS101,0105,Allison Lansverk,10,0,0,2026-08-29 02:40:43
2026-08-29 02:29:48,GEMS101,0106,Allison Lansverk,10,0,0,2026-08-29 02:40:43
2026-08-29 02:29:48,GEMS101,0107,Allison Lansverk,10,0,0,2026-08-29 02:40:43
2026-08-29 02:29:48,GEMS101,0109,Allison Lansverk,10,0,0,2026-08-29 02:40:43
2026-08-29 02:29:48,GEMS101,0111,Allison Lansverk,10,0,0,2026-08-29 02:40:43
2026-08-29 02:29:48,GEMS101,0113,Allison Lansverk,10,0,0,2026-08-29 02:40:43
2026-08-29 02:29:48,GEMS101,0114,Allison Lansverk,10,0,0,2026-08-29 02:40:43
2026-08-29 02:29:48,GEMS202,0101,Allison Lansverk,168,52,0,2026-08-29 02:40:43
2026-08-29 02:29:48,GEMS208A,0101,Allison Lansverk,14,14,0,2026-08-29 02:40:43
2026-08-29 02:29:48,GEMS208B,0101,Allison Lansverk,14,14,0,2026-08-29 02:40:44
2026-08-29 02:29:48,GEMS208C,0101,Allison Lansverk,23,13,0,2026-08-29 02:40:44
2026-08-29 02:29:48,GEMS208D,0101,Allison Lansverk,10,10,0,2026-08-29 02:40:45
2026-08-29 02:29:48,GEMS208P,0101,Allison Lansverk,20,11,0,2026-08-29 02:40:45
2026-08-29 02:29:48,GEMS296,0101,Sehrish Shikarpurya,14,4,0,2026-08-29 02:40:46
2026-08-29 02:29:48,GEMS296,0102,Instructor: TBA,14,4,0,2026-08-29 02:40:46
2026-08-29 02:29:48,GEMS296,0103,Myles Poulin,14,1,0,2026-08-29 02:40:46
2026-08-29 02:29:48,GEMS296,0104,Raymond Adomaitis,14,2,0,2026-08-29 02:40:46
2026-08-29 02:29:48,GEMS296,0105,Rodolphe Gentili,14,4,0,2026-08-29 02:40:46
2026-08-29 02:29:48,GEMS296,0106,Jared Grauer,14,6,0,2026-08-29 02:40:46
2026-08-29 02:29:48,GEMS296,0107,Fengfeng Ke,14,6,0,2026-08-29 02:40:46
2026-08-29 02:29:48,GEMS296,0108,Instructor: TBA,14,5,0,2026-08-29 02:40:46
2026-08-29 02:29:48,GEMS296,0109,Huang Chiao Huang,14,2,0,2026-08-29 02:40:46
2026-08-29 02:29:48,GEMS296,0110,Mengqiang Zhu,14,8,0,2026-08-29 02:40:46
2026-08-29 02:29:48,GEMS296,0111,Maria Molina,14,7,0,2026-08-29 02:40:46
2026-08-29 02:29:48,GEMS296,0112,Youssef Kousa,14,5,0,2026-08-29 02:40:46
2026-08-29 02:29:48,GEMS296,0113,Instructor: TBA,5,5,0,2026-08-29 02:40:46
2026-08-29 02:29:48,GEMS296,0114,Instructor: TBA,14,14,0,2026-08-29 02:40:46
2026-08-29 02:29:48,GEMS296,0115,David Lovell,5,4,0,2026-08-29 02:40:46
2026-08-29 02:29:48,GEMS297,0113,Instructor: TBA,5,5,0,2026-08-29 02:40:46
2026-08-29 02:29:48,GEMS396,0101,Michael Humber,14,9,0,2026-08-29 02:40:46
2026-08-29 02:29:48,GEMS396,0102,Seth Dickey,14,4,0,2026-08-29 02:40:46
2026-08-29 02:29:48,GEMS396,0103,Cecilia Huertas Cerdeira,14,11,0,2026-08-29 02:40:46
2026-08-29 02:29:48,GEMS396,0104,Rodolphe Gentili,14,6,0,2026-08-29 02:40:46
2026-08-29 02:29:48,GEMS396,0105,Allison Reilly,14,7,0,2026-08-29 02:40:46
2026-08-29 02:29:48,GEMS396,0106,Peter Sunderland,14,5,0,2026-08-29 02:40:46
2026-08-29 02:29:48,GEMS396,0107,Brett Lacey,14,9,0,2026-08-29 02:40:46
2026-08-29 02:29:48,GEMS396,0108,Natalia Buzulukova,14,6,0,2026-08-29 02:40:46
2026-08-29 02:29:48,GEMS396,0109,Anil Deane,14,5,0,2026-08-29 02:40:46
2026-08-29 02:29:48,GEMS396,0110,Colenso Speer,14,7,0,2026-08-29 02:40:46
2026-08-29 02:29:48,GEMS396,0111,Instructor: TBA,14,14,0,2026-08-29 02:40:46
2026-08-29 02:29:48,GEMS396,0112,Instructor: TBA,14,14,0,2026-08-29 02:40:46
2026-08-29 02:29:48,GEMS396,0113,David Lovell,5,4,0,2026-08-29 02:40:46
2026-08-29 02:29:48,GEMS396,0114,David Lovell,5,5,0,2026-08-29 02:40:46
2026-08-29 02:29:48,GEMS397,0113,David Lovell,5,4,0,2026-08-29 02:40:47
2026-08-29 02:29:48,GEMS496,0101,Eric Haag,14,8,0,2026-08-29 02:40:48
2026-08-29 02:29:48,GEMS496,0102,Mohammad Nayeem Teli,14,11,0,2026-08-29 02:40:48
2026-08-29 02:29:48,GEMS496,0103,Norberto Gonzalez- Juarbe,14,4,0,2026-08-29 02:40:48
2026-08-29 02:29:48,GEMS496,0104,Abhinav Shrivastava,14,8,0,2026-08-29 02:40:48
2026-08-29 02:29:48,GEMS496,0105,Hector Alcala,14,8,0,2026-08-29 02:40:48
2026-08-29 02:29:48,GEMS496,0106,Massimo Ricotti,14,5,0,2026-08-29 02:40:48
2026-08-29 02:29:48,GEMS496,0107,Reza Ghodssi,14,8,0,2026-08-29 02:40:48
2026-08-29 02:29:48,GEMS496,0108,Nikhil Chopra,14,11,0,2026-08-29 02:40:48
2026-08-29 02:29:48,GEMS496,0109,Kimberly Stroka,14,5,0,2026-08-29 02:40:48
2026-08-29 02:29:48,GEMS496,0110,Gorjan Alagic,14,13,0,2026-08-29 02:40:48
2026-08-29 02:29:48,GEMS496,0111,Alisa Clyne,14,8,0,2026-08-29 02:40:48
2026-08-29 02:29:48,GEMS496,0112,Xin Zan,14,10,0,2026-08-29 02:40:48
2026-08-29 02:29:48,GEMS496,0113,Erin Tran,14,14,0,2026-08-29 02:40:48
2026-08-29 02:29:48,GEMS496,0114,David Lovell,5,5,0,2026-08-29 02:40:48
2026-08-29 02:29:48,GEMS497,0107,Instructor: TBA,14,14,0,2026-08-29 02:40:48
2026-08-29 02:29:48,GEMS497,0110,Instructor: TBA,5,5,0,2026-08-29 02:40:48
2026-08-29 02:29:48,GEMS497,0113,David Lovell,5,5,0,2026-08-29 02:40:48
2026-08-29 02:29:48,GFPL100,0101,Joshua Itzkowitz Shifrinson,20,0,0,2026-08-29 02:41:18
2026-08-29 02:29:48,GFPL100,0102,Joshua Itzkowitz Shifrinson,20,1,0,2026-08-29 02:41:18
2026-08-29 02:29:48,GFPL100,0103,Joshua Itzkowitz Shifrinson,20,0,0,2026-08-29 02:41:18
2026-08-29 02:29:48,GFPL100,0104,Joshua Itzkowitz Shifrinson,20,0,0,2026-08-29 02:41:18
2026-08-29 02:29:48,GFPL100,0105,Joshua Itzkowitz Shifrinson,20,0,1,2026-08-29 02:41:18
2026-08-29 02:29:48,GFPL100,0106,Joshua Itzkowitz Shifrinson,25,0,0,2026-08-29 02:41:18
2026-08-29 02:29:48,GFPL100,FC01,Devin Entrikin,30,0,2,2026-08-29 02:41:18
2026-08-29 02:29:48,GFPL102,0101,Caroline Ritter,95,27,0,2026-08-29 02:41:18
2026-08-29 02:29:48,GFPL371,0101,Joshua Itzkowitz Shifrinson,35,0,1,2026-08-29 02:41:19
2026-08-29 02:29:48,GFPL388A,0101,Shannon Carcelli,5,5,0,2026-08-29 02:41:19
2026-08-29 02:29:48,GFPL388B,0101,Hyunki Kim,5,5,0,2026-08-29 02:41:19
2026-08-29 02:29:48,GFPL388C,0101,Scott Kastner,5,0,0,2026-08-29 02:41:20
2026-08-29 02:29:48,GFPL390,0101,Lena Andrews,20,0,12,2026-08-29 02:41:20
2026-08-29 02:29:48,GFPL490,0101,Michael Woldemariam,15,1,0,2026-08-29 02:41:21
2026-08-29 02:29:48,GFPL492,0101,Steve Fetter,20,1,0,2026-08-29 02:41:21
2026-08-29 02:29:48,GLBC200,0101,Chris Lewis,30,0,5,2026-08-29 02:41:23
2026-08-29 02:29:48,GLBC350,0101,Michele Mason,30,25,0,2026-08-29 02:41:23
2026-08-29 02:29:48,HACS100,0101,Cassie Harrington,40,1,0,2026-08-29 02:41:40
2026-08-29 02:29:48,HACS100,0201,Cassie Harrington,40,14,0,2026-08-29 02:41:40
2026-08-29 02:29:48,HACS200,0101,Michel Cukier,34,9,0,2026-08-29 02:41:41
2026-08-29 02:29:48,HACS200,0201,Michel Cukier,34,1,0,2026-08-29 02:41:41
2026-08-29 02:29:48,HACS202,0101,Bertrand Sobesto,52,18,0,2026-08-29 02:41:41
2026-08-29 02:29:48,HACS208A,0101,Lawrence Gordon,20,0,5,2026-08-29 02:41:42
2026-08-29 02:29:48,HACS208C,0101,Lamia Zia,26,10,0,2026-08-29 02:41:42
2026-08-29 02:29:48,HACS208P,0101,Charles Harry,26,0,2,2026-08-29 02:41:43
2026-08-29 02:29:48,HACS297,0101,Sarah Herberger,25,6,0,2026-08-29 02:41:44
2026-08-29 02:29:48,HACS408E,0101,Luke Mains,30,11,0,2026-08-29 02:41:44
2026-08-29 02:29:48,HACS408L,0101,Ian Serbin,30,1,0,2026-08-29 02:41:45
2026-08-29 02:29:48,HACS408M,0101,John McGahagan,30,0,2,2026-08-29 02:41:45
2026-08-29 02:29:48,HACS498,0101,Thomas Woods,7,1,0,2026-08-29 02:41:46
2026-08-29 02:29:48,HACS498,0201,David Trott,9,0,0,2026-08-29 02:41:46
2026-08-29 02:29:48,HACS498,0301,Michel Cukier,8,0,0,2026-08-29 02:41:46
2026-08-29 02:29:48,HBUS100,0101,Jui Ramaprasad,72,4,0,2026-08-29 02:41:48
2026-08-29 02:29:48,HBUS200,0101,Nicole Coomber,60,4,0,2026-08-29 02:41:48
2026-08-29 02:29:48,HDCC105,0101,Antwon Key,70,7,0,2026-08-29 02:41:50
2026-08-29 02:29:48,HDCC201,0101,Jessica Lu,22,0,0,2026-08-29 02:41:50
2026-08-29 02:29:48,HDCC201,0201,Jessica Lu,22,0,0,2026-08-29 02:41:50
2026-08-29 02:29:48,HDCC201,0301,Jessica Lu,22,5,0,2026-08-29 02:41:50
2026-08-29 02:29:48,HDCC208A,0101,William Evans,14,0,0,2026-08-29 02:41:51
2026-08-29 02:29:48,HDCC208J,0101,Grant Bollmer,14,0,0,2026-08-29 02:41:51
2026-08-29 02:29:48,HDCC208P,0101,Cliff Bakalian,14,0,0,2026-08-29 02:41:52
2026-08-29 02:29:48,HDCC208T,0101,Jonathan Reyes,14,0,0,2026-08-29 02:41:52
2026-08-29 02:29:48,HDCC208Z,0101,M Sauter,14,6,0,2026-08-29 02:41:52
2026-08-29 02:29:48,HDCC379,0101,Antwon Key,5,4,0,2026-08-29 02:41:53
2026-08-29 02:29:48,HEBR106,0101,Avital Karpman,15,2,0,2026-08-29 02:41:55
2026-08-29 02:29:48,HEBR106,0201,Avital Karpman,15,10,0,2026-08-29 02:41:55
2026-08-29 02:29:48,HEBR206,0101,Avital Karpman,15,7,0,2026-08-29 02:41:55
2026-08-29 02:29:48,HEBR249C,0101,Aliza Sandalon,15,0,1,2026-08-29 02:41:55
2026-08-29 02:29:48,HEBR298B,0101,Matthew Suriano,25,0,2,2026-08-29 02:41:56
2026-08-29 02:29:48,HEBR313,0101,Aliza Sandalon,20,0,5,2026-08-29 02:41:56
2026-08-29 02:29:48,HGLO100,0101,Alfredo Oliveira,22,7,0,2026-08-29 02:42:20
2026-08-29 02:29:48,HGLO100,0102,Natalie Vinski Ibrahim,22,8,0,2026-08-29 02:42:20
2026-08-29 02:29:48,HGLO100,0103,Natalie Vinski Ibrahim,22,1,0,2026-08-29 02:42:20
2026-08-29 02:29:48,HGLO100,0104,Alfredo Oliveira,22,12,0,2026-08-29 02:42:20
2026-08-29 02:29:48,HGLO101,0101,Sarah Croco,23,0,0,2026-08-29 02:42:21
2026-08-29 02:29:48,HGLO101,0102,Sarah Croco,22,9,0,2026-08-29 02:42:21
2026-08-29 02:29:48,HGLO101,0103,Sarah Croco,22,8,0,2026-08-29 02:42:21
2026-08-29 02:29:48,HGLO101,0104,Sarah Croco,22,13,0,2026-08-29 02:42:21
2026-08-29 02:29:48,HGLO207,0101,Natalie Vinski Ibrahim,25,15,0,2026-08-29 02:42:21
2026-08-29 02:29:48,HGLO208,0101,Alfredo Oliveira,45,22,0,2026-08-29 02:42:22
2026-08-29 02:29:48,HGLO298,0101,Jordan Gouws-Dewar,30,29,0,2026-08-29 02:42:22
2026-08-29 02:29:48,HLSC100,0101,Jalah Townsend,24,1,0,2026-08-29 02:43:09
2026-08-29 02:29:48,HLSC100,0102,Jalah Townsend,24,1,0,2026-08-29 02:43:09
2026-08-29 02:29:48,HLSC100,0103,Jalah Townsend,24,1,0,2026-08-29 02:43:09
2026-08-29 02:29:48,HLSC100,0104,Jalah Townsend,24,13,0,2026-08-29 02:43:09
2026-08-29 02:29:48,HLSC280,0101,Najib El-Sayed,25,4,0,2026-08-29 02:43:10
2026-08-29 02:29:48,HLSC280,0102,Najib El-Sayed,25,5,0,2026-08-29 02:43:10
2026-08-29 02:29:48,HLSC280,0103,Najib El-Sayed,25,4,0,2026-08-29 02:43:10
2026-08-29 02:29:48,HLSC280,0104,Najib El-Sayed,25,8,0,2026-08-29 02:43:10
2026-08-29 02:29:48,HLSC329,0101,Sabrina Kramer,12,5,0,2026-08-29 02:43:10
2026-08-29 02:29:48,HNUH100,0101,Robert Graham,20,1,0,2026-08-29 02:43:31
2026-08-29 02:29:48,HNUH100,0102,Robert Graham,20,0,0,2026-08-29 02:43:31
2026-08-29 02:29:48,HNUH100,0103,Brittany Proudfoot Ginder,20,1,0,2026-08-29 02:43:31
2026-08-29 02:29:48,HNUH100,0104,Max Barnewitz,20,0,0,2026-08-29 02:43:31
2026-08-29 02:29:48,HNUH100,0105,Vasfiye Toprak,20,0,0,2026-08-29 02:43:31
2026-08-29 02:29:48,HNUH100,0106,Vasfiye Toprak,20,1,0,2026-08-29 02:43:31
2026-08-29 02:29:48,HNUH100,0201,Max Barnewitz,20,0,0,2026-08-29 02:43:31
2026-08-29 02:29:48,HNUH100,0202,Max Barnewitz,20,0,0,2026-08-29 02:43:31
2026-08-29 02:29:48,HNUH100,0203,Vasfiye Toprak,20,1,0,2026-08-29 02:43:31
2026-08-29 02:29:48,HNUH100,0204,Vasfiye Toprak,20,0,0,2026-08-29 02:43:31
2026-08-29 02:29:48,HNUH100,0205,Ayondela McDole,20,3,0,2026-08-29 02:43:31
2026-08-29 02:29:48,HNUH100,0206,Ayondela McDole,20,0,0,2026-08-29 02:43:31
2026-08-29 02:29:48,HNUH100,0301,Robert Graham,20,0,0,2026-08-29 02:43:31
2026-08-29 02:29:48,HNUH100,0302,Shauna Rigaud,20,8,0,2026-08-29 02:43:31
2026-08-29 02:29:48,HNUH100,0303,Shauna Rigaud,20,0,0,2026-08-29 02:43:31
2026-08-29 02:29:48,HNUH100,0304,Max Barnewitz,20,4,0,2026-08-29 02:43:31
2026-08-29 02:29:48,HNUH100,0305,Vasfiye Toprak,20,0,0,2026-08-29 02:43:31
2026-08-29 02:29:48,HNUH100,0306,Vasfiye Toprak,20,3,0,2026-08-29 02:43:31
2026-08-29 02:29:48,HNUH100,0401,Gretchen Bella,20,0,0,2026-08-29 02:43:31
2026-08-29 02:29:48,HNUH100,0402,Gretchen Bella,20,7,0,2026-08-29 02:43:31
2026-08-29 02:29:48,HNUH100,0403,Max Barnewitz,20,0,0,2026-08-29 02:43:31
2026-08-29 02:29:48,HNUH100,0404,Ayondela McDole,20,6,0,2026-08-29 02:43:31
2026-08-29 02:29:48,HNUH100,0405,Ayondela McDole,20,1,0,2026-08-29 02:43:31
2026-08-29 02:29:48,HNUH100,0406,Ayondela McDole,20,4,0,2026-08-29 02:43:31
2026-08-29 02:29:48,HNUH100,0501,Leigha McReynolds,10,3,0,2026-08-29 02:43:31
2026-08-29 02:29:48,HNUH100,0601,Brittany Proudfoot Ginder,20,0,0,2026-08-29 02:43:31
2026-08-29 02:29:48,HNUH218D,0101,Brian Gilmore,48,0,0,2026-08-29 02:43:31
2026-08-29 02:29:48,HNUH218L,0101,Shauna Rigaud,20,1,0,2026-08-29 02:43:32
2026-08-29 02:29:48,HNUH218L,0201,Shauna Rigaud,20,0,0,2026-08-29 02:43:32
2026-08-29 02:29:48,HNUH228D,0101,Matthew McLaughlin,60,0,0,2026-08-29 02:43:32
2026-08-29 02:29:48,HNUH228L,0101,Alena Wigodner,20,0,0,2026-08-29 02:43:33
2026-08-29 02:29:48,HNUH228L,0201,Alena Wigodner,20,0,0,2026-08-29 02:43:33
2026-08-29 02:29:48,HNUH228N,0101,Peter Grybauskas,20,0,0,2026-08-29 02:43:33
2026-08-29 02:29:48,HNUH229I,0101,Gretchen Bella,20,0,0,2026-08-29 02:43:33
2026-08-29 02:29:48,HNUH238D,0101,Susan Moeller,60,0,0,2026-08-29 02:43:34
2026-08-29 02:29:48,HNUH238L,0101,Kimberly Johnson,20,3,0,2026-08-29 02:43:34
2026-08-29 02:29:48,HNUH238L,0201,Kimberly Johnson,20,0,0,2026-08-29 02:43:34
2026-08-29 02:29:48,HNUH238N,0101,Hannah Wegmann,20,9,0,2026-08-29 02:43:35
2026-08-29 02:29:48,HNUH239T,0101,Gerald Suarez,20,0,0,2026-08-29 02:43:35
2026-08-29 02:29:48,HNUH248D,0101,Juan Uriagereka,45,0,0,2026-08-29 02:43:35
2026-08-29 02:29:48,HNUH248L,0201,Robert Graham,20,12,0,2026-08-29 02:43:36
2026-08-29 02:29:48,HNUH248M,0101,Hassanatu Blake,20,9,0,2026-08-29 02:43:36
2026-08-29 02:29:48,HNUH248N,0101,Siv Lie,20,0,0,2026-08-29 02:43:37
2026-08-29 02:29:48,HNUH249P,0101,Temim Nusraty,20,0,0,2026-08-29 02:43:37
2026-08-29 02:29:48,HNUH258C,0101,Bill Fagan,55,27,0,2026-08-29 02:43:38
2026-08-29 02:29:48,HNUH258Q,0101,Tiara Thomas,20,0,0,2026-08-29 02:43:38
2026-08-29 02:29:48,HNUH259P,0101,Hooman Koliji,20,0,0,2026-08-29 02:43:38
2026-08-29 02:29:48,HNUH268C,0101,Perla Guerrero,60,30,0,2026-08-29 02:43:39
2026-08-29 02:29:48,HNUH269P,0101,Marisa Franco,20,0,0,2026-08-29 02:43:39
2026-08-29 02:29:48,HNUH278C,0101,Chinyere Osuji,60,37,0,2026-08-29 02:43:40
2026-08-29 02:29:48,HNUH278I,0101,Marisa Franco,20,6,0,2026-08-29 02:43:40
2026-08-29 02:29:48,HNUH278I,0102,Marisa Franco,20,2,0,2026-08-29 02:43:40
2026-08-29 02:29:48,HNUH278R,0101,Max Barnewitz,20,0,0,2026-08-29 02:43:40
2026-08-29 02:29:48,HNUH288C,0101,Julia Steinberg,30,1,0,2026-08-29 02:43:41
2026-08-29 02:29:48,HNUH288C,0103,Julia Steinberg,30,11,0,2026-08-29 02:43:41
2026-08-29 02:29:48,HNUH288O,0101,Ariana Nash,20,0,0,2026-08-29 02:43:41
2026-08-29 02:29:48,HNUH300,0301,Vasfiye Toprak,20,0,0,2026-08-29 02:43:42
2026-08-29 02:29:48,HNUH300,0401,Robert Graham,20,0,0,2026-08-29 02:43:42
2026-08-29 02:29:48,HNUH300,0601,Alena Wigodner,20,0,0,2026-08-29 02:43:42
2026-08-29 02:29:48,HNUH300,0701,Ingrid Satelmajer,20,13,0,2026-08-29 02:43:42
2026-08-29 02:29:48,HNUH300,0801,Shauna Rigaud,20,0,0,2026-08-29 02:43:42
2026-08-29 02:29:48,HNUH300,0901,Kimberly Johnson,20,2,0,2026-08-29 02:43:42
2026-08-29 02:29:48,HNUH300,1001,Ingrid Satelmajer,20,13,0,2026-08-29 02:43:42
2026-08-29 02:29:48,HNUH318T,0101,Peter Owen,24,0,0,2026-08-29 02:43:42
2026-08-29 02:29:48,HNUH319T,0101,Emily Shetty,22,0,0,2026-08-29 02:43:43
2026-08-29 02:29:48,HNUH328T,0101,Woodie Kessel,24,2,0,2026-08-29 02:43:43
2026-08-29 02:29:48,HNUH329T,0101,Rob Long,20,1,0,2026-08-29 02:43:43
2026-08-29 02:29:48,HNUH338T,0101,Andrew Fausett,22,1,0,2026-08-29 02:43:44
2026-08-29 02:29:48,HNUH348T,0101,Ed Fendley,22,1,0,2026-08-29 02:43:44
2026-08-29 02:29:48,HNUH358T,0101,Sean Misko,22,1,0,2026-08-29 02:43:45
2026-08-29 02:29:48,HNUH359T,0101,Amanda Schoch,20,0,0,2026-08-29 02:43:45
2026-08-29 02:29:48,HNUH368T,0101,Nadia Farra,20,1,0,2026-08-29 02:43:45
2026-08-29 02:29:48,HNUH369T,0101,Andrew Nissen,20,0,0,2026-08-29 02:43:46
2026-08-29 02:29:48,HNUH378T,0101,Joshua Glasser,20,1,0,2026-08-29 02:43:46
2026-08-29 02:29:48,HNUH398P,0101,Jayakumar Arasan,25,24,0,2026-08-29 02:43:47
2026-08-29 02:29:48,HNUH398P,0201,Jayakumar Arasan,5,2,0,2026-08-29 02:43:47
2026-08-29 02:29:48,HNUH398T,0101,Sasha Koo-Oshima,20,3,0,2026-08-29 02:43:47
2026-08-29 02:29:48,HONR368A,0101,Blake Wilder,22,0,0,2026-08-29 02:43:49
2026-08-29 02:29:48,IMDM101,0101,Mollye Bendell,30,14,0,2026-08-29 02:43:55
2026-08-29 02:29:48,IMDM101,0201,Myungin Lee,30,20,0,2026-08-29 02:43:55
2026-08-29 02:29:48,IMDM101,0301,Myungin Lee,30,20,0,2026-08-29 02:43:55
2026-08-29 02:29:48,IMDM127,0101,Roger Eastman,36,17,0,2026-08-29 02:43:55
2026-08-29 02:29:48,IMDM150,0101,Stefano Passeri,30,22,0,2026-08-29 02:43:55
2026-08-29 02:29:48,IMDM227,0101,Stevens Miller,30,6,0,2026-08-29 02:43:56
2026-08-29 02:29:48,IMDM227,0201,Stevens Miller,30,19,0,2026-08-29 02:43:56
2026-08-29 02:29:48,IMDM327,0101,Myungin Lee,25,0,0,2026-08-29 02:43:56
2026-08-29 02:29:48,IMDM350,0101,Jason Farman,29,13,0,2026-08-29 02:43:57
2026-08-29 02:29:48,IMDM490,0101,Matthew Nolan,30,0,0,2026-08-29 02:43:57
2026-08-29 02:29:48,IMDM490,0201,Matthew Nolan,30,18,0,2026-08-29 02:43:57
2026-08-29 02:29:48,IMDM498K,0101,Matthew Nolan,15,0,0,2026-08-29 02:43:58
2026-08-29 02:29:48,IMMR319D,0101,Beka Guluma,20,12,0,2026-08-29 02:44:00
2026-08-29 02:29:48,IMMR394,0101,Wenxi Yang,25,0,4,2026-08-29 02:44:00
2026-08-29 02:29:48,IMMR399,0101,Instructor: TBA,2,2,0,2026-08-29 02:44:01
2026-08-29 02:29:48,IMMR400,0101,Gerson Rosales,20,4,0,2026-08-29 02:44:01
2026-08-29 02:29:48,ISRL249J,0101,Aner Tal,30,23,0,2026-08-29 02:44:26
2026-08-29 02:29:48,ISRL249M,0101,Aliza Sandalon,15,0,1,2026-08-29 02:44:26
2026-08-29 02:29:48,ISRL283,0101,Shay Hazkani,35,0,1,2026-08-29 02:44:27
2026-08-29 02:29:48,ISRL349G,0101,Marwa Maziad,30,0,0,2026-08-29 02:44:27
2026-08-29 02:29:48,ISRL349K,0101,Regev Ben-David,30,26,0,2026-08-29 02:44:28
2026-08-29 02:29:48,ISRL349T,0101,Elli Lieberman,35,15,0,2026-08-29 02:44:28
2026-08-29 02:29:48,ISRL349Y,0101,Adina Friedman,35,26,0,2026-08-29 02:44:28
2026-08-29 02:29:48,ISRL382,0101,Ilai Saltzman,35,0,0,2026-08-29 02:44:29
2026-08-29 02:29:48,ISRL448R,0101,Morad Elsana,25,8,0,2026-08-29 02:44:29
2026-08-29 02:29:48,ITAL103,0101,Antonella D'Amario,18,13,0,2026-08-29 02:44:31
2026-08-29 02:29:48,ITAL103,0201,Antonella D'Amario,18,6,0,2026-08-29 02:44:31
2026-08-29 02:29:48,ITAL103,0301,Joseph Falvo,18,8,0,2026-08-29 02:44:31
2026-08-29 02:29:48,ITAL203,0101,Antonella D'Amario,18,11,0,2026-08-29 02:44:31
2026-08-29 02:29:48,ITAL203,0201,Antonella D'Amario,18,13,0,2026-08-29 02:44:31
2026-08-29 02:29:48,ITAL204,0101,Federica Soddu,18,15,0,2026-08-29 02:44:32
2026-08-29 02:29:48,ITAL207,0101,Mirella Vaglio,18,17,0,2026-08-29 02:44:32
2026-08-29 02:29:48,ITAL301,0101,Federica Soddu,20,11,0,2026-08-29 02:44:33
2026-08-29 02:29:48,ITAL362,0101,Federica Soddu,20,9,0,2026-08-29 02:44:33
2026-08-29 02:29:48,ITAL401,0101,Mirella Vaglio,15,12,0,2026-08-29 02:44:34
2026-08-29 02:29:48,ITAL421,0101,Joseph Falvo,25,14,0,2026-08-29 02:44:35
2026-08-29 02:29:48,ITAL478R,0101,Joseph Falvo,5,3,0,2026-08-29 02:44:35
2026-08-29 02:29:48,JAPN101,0101,Kumiko Akikawa,15,1,0,2026-08-29 02:44:37
2026-08-29 02:29:48,JAPN101,0201,Kumiko Akikawa,15,4,0,2026-08-29 02:44:37
2026-08-29 02:29:48,JAPN101,0301,Kumiko Akikawa,15,4,0,2026-08-29 02:44:37
2026-08-29 02:29:48,JAPN201,0101,Makiko Inoue,15,5,0,2026-08-29 02:44:38
2026-08-29 02:29:48,JAPN201,0201,Makiko Inoue,15,5,0,2026-08-29 02:44:38
2026-08-29 02:29:48,JAPN301,0101,Mari Hamada,15,9,0,2026-08-29 02:44:38
2026-08-29 02:29:48,JAPN311,0101,Jyana Browne,15,11,0,2026-08-29 02:44:39
2026-08-29 02:29:48,JAPN315,0101,Michele Mason,20,0,2,2026-08-29 02:44:39
2026-08-29 02:29:48,JAPN320,0101,Lindsay Yotsukura,15,9,0,2026-08-29 02:44:40
2026-08-29 02:29:48,JAPN498B,0101,Jyana Browne,20,2,0,2026-08-29 02:44:40
2026-08-29 02:29:48,KORA101,0101,Saerom Kwak,15,1,0,2026-08-29 02:45:39
2026-08-29 02:29:48,KORA101,0201,Saerom Kwak,15,1,0,2026-08-29 02:45:39
2026-08-29 02:29:48,KORA101,0301,Saerom Kwak,15,9,0,2026-08-29 02:45:39
2026-08-29 02:29:48,KORA101,0401,Saerom Kwak,15,6,0,2026-08-29 02:45:39
2026-08-29 02:29:48,KORA201,0101,Seong Minne Koh,15,4,0,2026-08-29 02:45:40
2026-08-29 02:29:48,KORA201,0201,Seong Minne Koh,15,5,0,2026-08-29 02:45:40
2026-08-29 02:29:48,KORA201,0301,Seong Minne Koh,15,9,0,2026-08-29 02:45:40
2026-08-29 02:29:48,KORA398G,0101,Instructor: TBA,10,7,0,2026-08-29 02:45:40
2026-08-29 02:29:48,KORA398W,0101,Seong Minne Koh,10,3,0,2026-08-29 02:45:41
2026-08-29 02:29:48,LEAD217,0101,Festus Ainoo,25,0,1,2026-08-29 02:46:02
2026-08-29 02:29:48,LEAD217,0201,Adrian Bitton,25,0,3,2026-08-29 02:46:02
2026-08-29 02:29:48,LEAD217,FC01,Festus Ainoo,20,0,2,2026-08-29 02:46:02
2026-08-29 02:29:48,LEAD305,0101,Anastasia Lavrenyuk,20,0,0,2026-08-29 02:46:02
2026-08-29 02:29:48,LEAD315,0101,Anastasia Lavrenyuk,25,12,0,2026-08-29 02:46:03
2026-08-29 02:29:48,LEAD320,0101,Courtney Holder,10,9,0,2026-08-29 02:46:03
2026-08-29 02:29:48,LGBT200,0201,Basanth Babu,25,0,3,2026-08-29 02:46:05
2026-08-29 02:29:48,LGBT265,0101,Tyra Griffin,30,0,0,2026-08-29 02:46:05
2026-08-29 02:29:48,LGBT265,0201,Declan Langton,30,0,0,2026-08-29 02:46:05
2026-08-29 02:29:48,LGBT359J,0101,Chris Eng,25,13,0,2026-08-29 02:46:06
2026-08-29 02:29:48,MLAW100,0101,Christine White,83,14,0,2026-08-29 02:46:53
2026-08-29 02:29:48,MLAW304,0201,Christine White,65,17,0,2026-08-29 02:46:53
2026-08-29 02:29:48,MLAW305,0101,Brian Gilmore,40,0,0,2026-08-29 02:46:54
2026-08-29 02:29:48,MLAW315,0101,Grace Benton,13,3,0,2026-08-29 02:46:55
2026-08-29 02:29:48,MLAW358Q,0101,David Cunningham,5,5,0,2026-08-29 02:46:55
2026-08-29 02:29:48,MLAW358T,0101,Christine White,25,3,0,2026-08-29 02:46:56
2026-08-29 02:29:48,MLAW358X,0101,Martin Kobren,5,0,1,2026-08-29 02:46:57
2026-08-29 02:29:48,MLAW359,0101,Brandee Pettus,10,6,0,2026-08-29 02:46:57
2026-08-29 02:29:48,MLAW378E,0101,Brandee Pettus,5,5,0,2026-08-29 02:46:57
2026-08-29 02:29:48,MLAW378K,0101,Brian Gilmore,20,0,1,2026-08-29 02:46:58
2026-08-29 02:29:48,MLAW378Q,0101,Paul Huth,5,3,0,2026-08-29 02:46:58
2026-08-29 02:29:48,MLAW378R,0101,Nancy Schertzing,13,0,0,2026-08-29 02:46:59
2026-08-29 02:29:48,MLAW388,0101,Brandee Pettus,40,23,0,2026-08-29 02:47:00
2026-08-29 02:29:48,MLSC250,FC01,William Simpson,20,0,4,2026-08-29 02:47:02
2026-08-29 02:29:48,NEUR200,0101,Ana Navarro Cebrian,75,0,11,2026-08-29 02:47:28
2026-08-29 02:29:48,NEUR200,0201,Ana Navarro Cebrian,75,0,9,2026-08-29 02:47:28
2026-08-29 02:29:48,NEUR200,0301,Evan Hart,75,0,8,2026-08-29 02:47:28
2026-08-29 02:29:48,NEUR305,0101,Amanda Chicoli,100,12,0,2026-08-29 02:47:28
2026-08-29 02:29:48,NEUR306,0101,Chan Lin,200,1,0,2026-08-29 02:47:29
2026-08-29 02:29:48,NEUR398H,0101,Nikolas Francis,20,20,0,2026-08-29 02:47:30
2026-08-29 02:29:48,NEUR405,0101,Hilary Bierman,20,0,0,2026-08-29 02:47:31
2026-08-29 02:29:48,NEUR405,0102,Hilary Bierman,20,0,0,2026-08-29 02:47:31
2026-08-29 02:29:48,NEUR405,0103,Hilary Bierman,20,1,0,2026-08-29 02:47:31
2026-08-29 02:29:48,PEER312,0101,Aleia Gardner,15,8,0,2026-08-29 02:47:49
2026-08-29 02:29:48,PEER318,0101,Christina Jay,15,11,0,2026-08-29 02:47:49
2026-08-29 02:29:48,PEER319,0101,Grace Boudreau,15,7,0,2026-08-29 02:47:50
2026-08-29 02:29:48,PHPE308D,0101,Xinzhi Zhao,30,4,0,2026-08-29 02:48:10
2026-08-29 02:29:48,PHPE308F,0101,Regev Ben-David,30,26,0,2026-08-29 02:48:10
2026-08-29 02:29:48,PHPE308M,0101,Hallie Liberto,30,21,0,2026-08-29 02:48:10
2026-08-29 02:29:48,PHPE308O,0101,Jackson Iszler,30,0,0,2026-08-29 02:48:11
2026-08-29 02:29:48,PHPE308Y,0101,Rachel Singpurwalla,20,0,3,2026-08-29 02:48:11
2026-08-29 02:29:48,PHPE308Y,0102,Rachel Singpurwalla,20,0,5,2026-08-29 02:48:11
2026-08-29 02:29:48,PHPE308Y,0103,Rachel Singpurwalla,20,0,5,2026-08-29 02:48:11
2026-08-29 02:29:48,PHPE400,0101,Justin Helms,18,1,0,2026-08-29 02:48:12
2026-08-29 02:29:48,PHPE400,0102,Justin Helms,18,0,0,2026-08-29 02:48:12
2026-08-29 02:29:48,PHPE400,0103,Justin Helms,20,2,0,2026-08-29 02:48:12
2026-08-29 02:29:48,PHPE401,0101,Xinzhi Zhao,25,0,12,2026-08-29 02:48:13
2026-08-29 02:29:48,PHPE402,0101,Dan Moller,30,0,2,2026-08-29 02:48:13
2026-08-29 02:29:48,PHPE408J,0101,Lixing Miao,25,1,0,2026-08-29 02:48:13
2026-08-29 02:29:48,PHPE408R,0101,Xinzhi Zhao,25,11,0,2026-08-29 02:48:14
2026-08-29 02:29:48,PHSC388J,0101,Kendall Bustad,20,6,0,2026-08-29 02:48:16
2026-08-29 02:29:48,PHSC389,0101,Shannon Edward,30,20,0,2026-08-29 02:48:16
2026-08-29 02:29:48,PHSC399,0101,Shannon Edward,30,18,0,2026-08-29 02:48:16
2026-08-29 02:29:48,PHSC415,0101,Jessica O'Hara,31,0,2,2026-08-29 02:48:17
2026-08-29 02:29:48,PHSC415,0102,Jessica O'Hara,31,0,1,2026-08-29 02:48:17
2026-08-29 02:29:48,PHSC415,0103,Jessica O'Hara,31,0,0,2026-08-29 02:48:17
2026-08-29 02:29:48,PHSC415,0104,Jessica O'Hara,31,0,0,2026-08-29 02:48:17
2026-08-29 02:29:48,PHSC415,0105,Jessica O'Hara,31,4,0,2026-08-29 02:48:17
2026-08-29 02:29:48,PHSC420,0101,Jennifer German,35,7,0,2026-08-29 02:48:17
2026-08-29 02:29:48,PHSC450,0101,Kendall Bustad,20,0,4,2026-08-29 02:48:18
2026-08-29 02:29:48,PHSC450,0102,Kendall Bustad,20,0,4,2026-08-29 02:48:18
2026-08-29 02:29:48,PHSC450,0103,Kendall Bustad,20,0,2,2026-08-29 02:48:18
2026-08-29 02:29:48,PHSC450,0104,Kendall Bustad,20,0,4,2026-08-29 02:48:18
2026-08-29 02:29:48,PHSC450,0105,Kendall Bustad,20,0,2,2026-08-29 02:48:18
2026-08-29 02:29:48,PHSC450,0106,Kendall Bustad,20,0,3,2026-08-29 02:48:18
2026-08-29 02:29:48,PHSC450,0107,Kendall Bustad,20,0,2,2026-08-29 02:48:18
2026-08-29 02:29:48,PHSC450,0108,Kendall Bustad,20,0,3,2026-08-29 02:48:18
2026-08-29 02:29:48,PHSC497,0101,Kendall Bustad,20,2,0,2026-08-29 02:48:19
2026-08-29 02:29:48,PHSC497,0301,Shannon Edward,20,3,0,2026-08-29 02:48:19
2026-08-29 02:29:48,PHSC497,0601,Jennifer German,20,1,0,2026-08-29 02:48:19
2026-08-29 02:29:48,PLCY100,0101,Toby Egan,25,0,0,2026-08-29 02:48:47
2026-08-29 02:29:48,PLCY100,0102,Toby Egan,25,0,0,2026-08-29 02:48:47
2026-08-29 02:29:48,PLCY100,0103,Toby Egan,25,0,0,2026-08-29 02:48:47
2026-08-29 02:29:48,PLCY100,0104,Toby Egan,25,0,0,2026-08-29 02:48:47
2026-08-29 02:29:48,PLCY100,0201,Namrta Sharma,25,12,0,2026-08-29 02:48:47
2026-08-29 02:29:48,PLCY100,0202,Namrta Sharma,25,14,0,2026-08-29 02:48:47
2026-08-29 02:29:48,PLCY100,0203,Namrta Sharma,25,0,0,2026-08-29 02:48:47
2026-08-29 02:29:48,PLCY100,0204,Namrta Sharma,25,12,0,2026-08-29 02:48:47
2026-08-29 02:29:48,PLCY101,0101,Robert Sprinkle,75,0,0,2026-08-29 02:48:48
2026-08-29 02:29:48,PLCY170,0101,Joshua Itzkowitz Shifrinson,20,0,0,2026-08-29 02:48:48
2026-08-29 02:29:48,PLCY170,0102,Joshua Itzkowitz Shifrinson,20,1,0,2026-08-29 02:48:48
2026-08-29 02:29:48,PLCY170,0103,Joshua Itzkowitz Shifrinson,20,0,0,2026-08-29 02:48:48
2026-08-29 02:29:48,PLCY170,0104,Joshua Itzkowitz Shifrinson,20,0,0,2026-08-29 02:48:48
2026-08-29 02:29:48,PLCY170,0105,Joshua Itzkowitz Shifrinson,20,0,1,2026-08-29 02:48:48
2026-08-29 02:29:48,PLCY170,0106,Joshua Itzkowitz Shifrinson,25,0,0,2026-08-29 02:48:48
2026-08-29 02:29:48,PLCY172,0101,Caroline Ritter,95,27,0,2026-08-29 02:48:48
2026-08-29 02:29:48,PLCY200,0101,Shanna Pearson-Merkowitz,35,0,5,2026-08-29 02:48:49
2026-08-29 02:29:48,PLCY200,0201,Shanna Pearson-Merkowitz,35,0,5,2026-08-29 02:48:49
2026-08-29 02:29:48,PLCY200,0301,Namrta Sharma,35,0,7,2026-08-29 02:48:49
2026-08-29 02:29:48,PLCY201,0101,Julio Guzman,70,0,0,2026-08-29 02:48:49
2026-08-29 02:29:48,PLCY201,0201,Gregory Ramsay,60,0,0,2026-08-29 02:48:49
2026-08-29 02:29:48,PLCY201,FC01,Anne Kaiser,30,0,0,2026-08-29 02:48:49
2026-08-29 02:29:48,PLCY201,FC02,Anne Kaiser,30,0,0,2026-08-29 02:48:49
2026-08-29 02:29:48,PLCY201S,0101,Susannah Washburn,80,7,0,2026-08-29 02:48:50
2026-08-29 02:29:48,PLCY203,0101,Thomas Hilde,60,0,0,2026-08-29 02:48:50
2026-08-29 02:29:48,PLCY203,0201,Anne Kaiser,60,41,0,2026-08-29 02:48:50
2026-08-29 02:29:48,PLCY213,0201,Claire Dunning,40,0,1,2026-08-29 02:48:50
2026-08-29 02:29:48,PLCY214,0101,Patricia Bory,65,21,0,2026-08-29 02:48:51
2026-08-29 02:29:48,PLCY240,0101,Timothy Reedy,30,0,9,2026-08-29 02:48:51
2026-08-29 02:29:48,PLCY288K,0101,CHRISTIAN OSTERMANN,25,1,0,2026-08-29 02:48:52
2026-08-29 02:29:48,PLCY300,0101,Alana Hackshaw,45,0,9,2026-08-29 02:48:52
2026-08-29 02:29:48,PLCY300,0201,Namrta Sharma,45,27,0,2026-08-29 02:48:52
2026-08-29 02:29:48,PLCY301,0101,Caroline Boules,165,9,0,2026-08-29 02:48:53
2026-08-29 02:29:48,PLCY302,0101,Niambi Carter,40,0,0,2026-08-29 02:48:53
2026-08-29 02:29:48,PLCY302,0201,Ebonie Johnson Cooper,40,0,0,2026-08-29 02:48:53
2026-08-29 02:29:48,PLCY302,0301,Lindsay Dieudonne,40,0,3,2026-08-29 02:48:53
2026-08-29 02:29:48,PLCY303,0101,Juan Martinez Guzman,40,3,0,2026-08-29 02:48:54
2026-08-29 02:29:48,PLCY304,0101,Michael Busse,40,11,0,2026-08-29 02:48:54
2026-08-29 02:29:48,PLCY304,0201,Michael Busse,40,13,0,2026-08-29 02:48:54
2026-08-29 02:29:48,PLCY309,0101,Martin Sanders,30,27,0,2026-08-29 02:48:54
2026-08-29 02:29:48,PLCY310,0101,Selvon Waldron,35,17,0,2026-08-29 02:48:55
2026-08-29 02:29:48,PLCY313,0101,Gerard Evans,100,11,0,2026-08-29 02:48:55
2026-08-29 02:29:48,PLCY371,0101,Joshua Itzkowitz Shifrinson,35,0,1,2026-08-29 02:48:56
2026-08-29 02:29:48,PLCY380,0101,Isabel O'Malley,40,0,4,2026-08-29 02:48:56
2026-08-29 02:29:48,PLCY380,ESG1,Kisha McNeill,30,3,0,2026-08-29 02:48:56
2026-08-29 02:29:48,PLCY388A,0101,Brandi Onowu,40,1,0,2026-08-29 02:48:56
2026-08-29 02:29:48,PLCY388N,0101,Nina Harris,25,2,0,2026-08-29 02:48:57
2026-08-29 02:29:48,PLCY390,0101,Lena Andrews,20,0,12,2026-08-29 02:48:57
2026-08-29 02:29:48,PLCY399B,0101,Beatrice DeBelen,30,20,0,2026-08-29 02:48:58
2026-08-29 02:29:48,PLCY400,0101,Patricia Bory,25,5,0,2026-08-29 02:48:59
2026-08-29 02:29:48,PLCY401,0101,Anand Patwardhan,20,6,0,2026-08-29 02:48:59
2026-08-29 02:29:48,PLCY401,0201,Tracy Thompson,20,0,1,2026-08-29 02:48:59
2026-08-29 02:29:48,PLCY401,0301,David Mussington,20,6,0,2026-08-29 02:48:59
2026-08-29 02:29:48,PLCY490,0101,Michael Woldemariam,15,1,0,2026-08-29 02:49:00
2026-08-29 02:29:48,PLCY492,0101,Steve Fetter,20,1,0,2026-08-29 02:49:00
2026-08-29 02:29:48,PLCY610,0201,Alec Worsnop,40,7,0,2026-08-29 02:49:01
2026-08-29 02:29:48,PLCY630,0101,Catherine Worsnop,25,4,0,2026-08-29 02:49:01
2026-08-29 02:29:48,PLCY630,0201,Catherine Worsnop,25,3,0,2026-08-29 02:49:01
2026-08-29 02:29:48,PLCY631,0101,Cullen Merritt,25,1,0,2026-08-29 02:49:02
2026-08-29 02:29:48,PLCY640,0201,Thomas Spreen,30,3,0,2026-08-29 02:49:02
2026-08-29 02:29:48,PLCY641,0101,Tyler Kustra,30,1,0,2026-08-29 02:49:02
2026-08-29 02:29:48,PLCY641,0201,Tyler Kustra,30,6,0,2026-08-29 02:49:02
2026-08-29 02:29:48,PLCY670,0101,Philip Joyce,30,0,0,2026-08-29 02:49:03
2026-08-29 02:29:48,PLCY680,0101,Claire Dunning,25,1,0,2026-08-29 02:49:03
2026-08-29 02:29:48,PLCY680,0201,Michael Woldemariam,25,7,0,2026-08-29 02:49:03
2026-08-29 02:29:48,PLCY688C,0101,Charles Harry,20,9,0,2026-08-29 02:49:04
2026-08-29 02:29:48,PLCY688F,PWL1,Nekeya O'Connor,20,1,0,2026-08-29 02:49:04
2026-08-29 02:29:48,PLCY688P,0101,Steve Fetter,10,0,0,2026-08-29 02:49:05
2026-08-29 02:29:48,PLCY688Z,0101,Brandi Onowu,20,3,0,2026-08-29 02:49:05
2026-08-29 02:29:48,PLCY689E,0101,Susan Parker,20,0,4,2026-08-29 02:49:05
2026-08-29 02:29:48,PLCY690,0110,David Mussington,15,2,0,2026-08-29 02:49:06
2026-08-29 02:29:48,PLCY690,0120,Margaret Brindle,15,3,0,2026-08-29 02:49:06
2026-08-29 02:29:48,PLCY690,0130,Douglas Call,15,0,1,2026-08-29 02:49:06
2026-08-29 02:29:48,PLCY690,0150,Paul Brown,15,1,0,2026-08-29 02:49:06
2026-08-29 02:29:48,PLCY690,0170,James Stillwell,15,0,0,2026-08-29 02:49:06
2026-08-29 02:29:48,PLCY698T,0101,Elizabeth Duke,20,4,0,2026-08-29 02:49:06
2026-08-29 02:29:48,PLCY699L,0101,Michael Woldemariam,10,0,0,2026-08-29 02:49:07
2026-08-29 02:29:48,PLCY720,0101,Nancy Gallagher,20,3,0,2026-08-29 02:49:07
2026-08-29 02:29:48,PLCY734,0101,Niambi Carter,20,0,0,2026-08-29 02:49:07
2026-08-29 02:29:48,PLCY735,0101,Robert Sprinkle,20,8,0,2026-08-29 02:49:08
2026-08-29 02:29:48,PLCY741,0101,Anand Patwardhan,20,7,0,2026-08-29 02:49:08
2026-08-29 02:29:48,PLCY742,0101,Thomas Hilde,20,9,0,2026-08-29 02:49:09
2026-08-29 02:29:48,PLCY780,0101,Robert Orr,20,0,2,2026-08-29 02:49:09
2026-08-29 02:29:48,PLCY781,0101,Julio Guzman,20,2,0,2026-08-29 02:49:10
2026-08-29 02:29:48,PLCY783,0101,Margaret Brindle,20,8,0,2026-08-29 02:49:10
2026-08-29 02:29:48,PLCY798F,PWL1,William Nolte,25,18,0,2026-08-29 02:49:11
2026-08-29 02:29:48,PLCY798V,0101,Shanna Pearson-Merkowitz,12,0,0,2026-08-29 02:49:12
2026-08-29 02:29:48,PLCY798Y,PWL1,Jeffrey Franco,25,0,0,2026-08-29 02:49:13
2026-08-29 02:29:48,PLCY798Z,0101,Peter Reuter,12,0,0,2026-08-29 02:49:13
2026-08-29 02:29:48,PLSC112,0101,Samuel Daramola,100,32,0,2026-08-29 02:49:16
2026-08-29 02:29:48,PLSC113,0101,Samuel Daramola,24,10,0,2026-08-29 02:49:16
2026-08-29 02:29:48,PLSC113,0102,Samuel Daramola,24,9,0,2026-08-29 02:49:16
2026-08-29 02:29:48,PLSC113,0103,Samuel Daramola,24,10,0,2026-08-29 02:49:16
2026-08-29 02:29:48,PLSC113,0104,Samuel Daramola,24,11,0,2026-08-29 02:49:16
2026-08-29 02:29:48,PLSC115,0101,Shirley Micallef,24,0,0,2026-08-29 02:49:17
2026-08-29 02:29:48,PLSC201,0101,Pierre Jacob,42,16,0,2026-08-29 02:49:17
2026-08-29 02:29:48,PLSC203,0101,Vijay Tiwari,23,16,0,2026-08-29 02:49:18
2026-08-29 02:29:48,PLSC205,0101,Mark Carroll,22,2,0,2026-08-29 02:49:18
2026-08-29 02:29:48,PLSC206,0101,Pierre Jacob,21,8,0,2026-08-29 02:49:19
2026-08-29 02:29:48,PLSC206,0102,Pierre Jacob,21,8,0,2026-08-29 02:49:19
2026-08-29 02:29:48,PLSC253,0101,Karen Petroff,24,0,0,2026-08-29 02:49:19
2026-08-29 02:29:48,PLSC253,0102,Karen Petroff,24,10,0,2026-08-29 02:49:19
2026-08-29 02:29:48,PLSC389,0101,Craig Beyrouty,17,17,0,2026-08-29 02:49:20
2026-08-29 02:29:48,PLSC402,0101,Geoffrey Rinehart,10,2,0,2026-08-29 02:49:20
2026-08-29 02:29:48,PLSC404,0101,Yiping Qi,20,9,0,2026-08-29 02:49:21
2026-08-29 02:29:48,PLSC420,0101,Nidhi Rawat,18,5,0,2026-08-29 02:49:21
2026-08-29 02:29:48,PLSC420,0102,Nidhi Rawat,18,12,0,2026-08-29 02:49:21
2026-08-29 02:29:48,PLSC433,0101,Diana Cochran,10,2,0,2026-08-29 02:49:22
2026-08-29 02:29:48,PLSC453,0101,Samuel Daramola,24,3,0,2026-08-29 02:49:22
2026-08-29 02:29:48,PLSC471,0101,Juanita Choo,20,0,0,2026-08-29 02:49:23
2026-08-29 02:29:48,PLSC476,0101,Maile Neel,23,19,0,2026-08-29 02:49:23
2026-08-29 02:29:48,PLSC608,0101,Shunyuan Xiao,20,13,0,2026-08-29 02:49:24
2026-08-29 02:29:48,PORT103,0101,Parker Brookie,15,8,0,2026-08-29 02:49:27
2026-08-29 02:29:48,PORT205,0101,Parker Brookie,15,6,0,2026-08-29 02:49:27
2026-08-29 02:29:48,PORT332,0101,Parker Brookie,25,0,3,2026-08-29 02:49:28
2026-08-29 02:29:48,RELS120,0101,Antoine Borrut,40,0,0,2026-08-29 02:50:15
2026-08-29 02:29:48,RELS170,0101,Chiara Graf,21,0,0,2026-08-29 02:50:16
2026-08-29 02:29:48,RELS170,0102,Chiara Graf,21,0,0,2026-08-29 02:50:16
2026-08-29 02:29:48,RELS170,0103,Chiara Graf,21,0,0,2026-08-29 02:50:16
2026-08-29 02:29:48,RELS170,0104,Chiara Graf,21,0,0,2026-08-29 02:50:16
2026-08-29 02:29:48,RELS170,0105,Chiara Graf,21,0,0,2026-08-29 02:50:16
2026-08-29 02:29:48,RELS170,0106,Chiara Graf,21,0,0,2026-08-29 02:50:16
2026-08-29 02:29:48,RELS170,0107,Chiara Graf,21,0,0,2026-08-29 02:50:16
2026-08-29 02:29:48,RELS170,0108,Chiara Graf,21,0,0,2026-08-29 02:50:16
2026-08-29 02:29:48,RELS170,0109,Chiara Graf,22,0,0,2026-08-29 02:50:16
2026-08-29 02:29:48,RELS171,0101,Maxine Grossman,40,0,7,2026-08-29 02:50:16
2026-08-29 02:29:48,RELS219K,0101,Shay Hazkani,40,32,0,2026-08-29 02:50:17
2026-08-29 02:29:48,RELS225,0101,Stephanie Cooper,25,0,2,2026-08-29 02:50:17
2026-08-29 02:29:48,RELS273,0101,Hayim Lapin,23,0,0,2026-08-29 02:50:18
2026-08-29 02:29:48,RELS273,0102,Hayim Lapin,23,0,0,2026-08-29 02:50:18
2026-08-29 02:29:48,RELS273,0103,Hayim Lapin,23,0,0,2026-08-29 02:50:18
2026-08-29 02:29:48,RELS274,0101,Matthew Suriano,20,0,0,2026-08-29 02:50:18
2026-08-29 02:29:48,RELS274,0102,Matthew Suriano,20,0,0,2026-08-29 02:50:18
2026-08-29 02:29:48,RELS274,0103,Matthew Suriano,20,0,0,2026-08-29 02:50:18
2026-08-29 02:29:48,RELS274,0104,Matthew Suriano,20,0,0,2026-08-29 02:50:18
2026-08-29 02:29:48,RELS319D,0101,Nathan Levine,35,26,0,2026-08-29 02:50:25
2026-08-29 02:29:48,RELS319Z,0101,Regev Ben-David,30,27,0,2026-08-29 02:50:25
2026-08-29 02:29:48,RELS341,0101,Janna Bianchini,30,2,0,2026-08-29 02:50:26
2026-08-29 02:29:48,RUSS101,0101,Inna Hardman,15,3,0,2026-08-29 02:50:28
2026-08-29 02:29:48,RUSS101,0201,Inna Hardman,15,3,0,2026-08-29 02:50:28
2026-08-29 02:29:48,RUSS201,0101,Zhanna Gerus-Vernola,15,8,0,2026-08-29 02:50:28
2026-08-29 02:29:48,RUSS301,0101,Izolda Savenkova,15,5,0,2026-08-29 02:50:29
2026-08-29 02:29:48,RUSS321,0101,Elizabeth Papazian,15,2,0,2026-08-29 02:50:29
2026-08-29 02:29:48,RUSS334,0101,Elizabeth Papazian,25,0,2,2026-08-29 02:50:30
2026-08-29 02:29:48,RUSS404,0101,Izolda Savenkova,15,2,0,2026-08-29 02:50:31
2026-08-29 02:29:48,SDSB123,0101,Brian Kim,40,9,0,2026-08-29 02:50:33
2026-08-29 02:29:48,SDSB180,0101,Brian Kim,180,154,0,2026-08-29 02:50:33
2026-08-29 02:29:48,SDSB233,0101,Jacob Coutts,25,3,0,2026-08-29 02:50:34
2026-08-29 02:29:48,SDSB233,0102,Jacob Coutts,25,11,0,2026-08-29 02:50:34
2026-08-29 02:29:48,SDSB233,0103,Jacob Coutts,25,9,0,2026-08-29 02:50:34
2026-08-29 02:29:48,SDSB326,0101,Jacob Coutts,50,32,0,2026-08-29 02:50:34
2026-08-29 02:29:48,SDSB340,0101,Neil Lund,40,0,0,2026-08-29 02:50:35
2026-08-29 02:29:48,SDSI414,0201,Maria Krupenkin,34,13,0,2026-08-29 02:50:37
2026-08-29 02:29:48,SDSI414,0202,Maria Krupenkin,34,0,0,2026-08-29 02:50:37
2026-08-29 02:29:48,SDSI492,0101,TJ Rainsford,50,10,0,2026-08-29 02:50:37
2026-08-29 02:29:48,SDSI492,0103,Mary Ann Francis,40,0,6,2026-08-29 02:50:37
2026-08-29 02:29:48,SDSI492,0104,TJ Rainsford,50,14,0,2026-08-29 02:50:37
2026-08-29 02:29:48,SDSI492,0106,Jesse Klein,50,0,10,2026-08-29 02:50:37
2026-08-29 02:29:48,SDSI492,0107,Connie Siebold,40,0,6,2026-08-29 02:50:37
2026-08-29 02:29:48,SDSI492,0110,Patrick Thornton,50,27,0,2026-08-29 02:50:37
2026-08-29 02:29:48,SLLC108I,0101,Instructor: TBA,5,4,0,2026-08-29 02:50:40
2026-08-29 02:29:48,SLLC108J,0101,Instructor: TBA,5,5,0,2026-08-29 02:50:41
2026-08-29 02:29:48,SLLC108W,0101,Instructor: TBA,5,5,0,2026-08-29 02:50:41
2026-08-29 02:29:48,SLLC118A,0101,Sean Pue,10,3,0,2026-08-29 02:50:42
2026-08-29 02:29:48,SLLC200,0101,Chris Lewis,30,0,5,2026-08-29 02:50:42
2026-08-29 02:29:48,SLLC286,0101,Andrew Schonebaum,60,7,0,2026-08-29 02:50:43
2026-08-29 02:29:48,SLLC309,0101,Ahmed Hanafy,10,10,0,2026-08-29 02:50:43
2026-08-29 02:29:48,SLLC309,0102,Ahmed Hanafy,10,8,0,2026-08-29 02:50:43
2026-08-29 02:29:48,SLLC309,0103,Ahmed Hanafy,10,8,0,2026-08-29 02:50:43
2026-08-29 02:29:48,SLLC309,0104,Ahmed Hanafy,10,6,0,2026-08-29 02:50:43
2026-08-29 02:29:48,SLLC309,0105,Ahmed Hanafy,10,6,0,2026-08-29 02:50:43
2026-08-29 02:29:48,SLLC309,0106,Ahmed Hanafy,10,7,0,2026-08-29 02:50:43
2026-08-29 02:29:48,SLLC309,0107,Ahmed Hanafy,10,8,0,2026-08-29 02:50:43
2026-08-29 02:29:48,SLLC309,0108,Ahmed Hanafy,10,9,0,2026-08-29 02:50:43
2026-08-29 02:29:48,SLLC309,0109,Ahmed Hanafy,10,7,0,2026-08-29 02:50:43
2026-08-29 02:29:48,SLLC309,0110,Ahmed Hanafy,10,4,0,2026-08-29 02:50:43
2026-08-29 02:29:48,SLLC309,0111,Ahmed Hanafy,10,10,0,2026-08-29 02:50:43
2026-08-29 02:29:48,SLLC329,0101,Marilyn Matar,12,0,0,2026-08-29 02:50:43
2026-08-29 02:29:48,SLLC329,0102,Marilyn Matar,10,4,0,2026-08-29 02:50:43
2026-08-29 02:29:48,SLLC329,0103,Marilyn Matar,21,7,0,2026-08-29 02:50:43
2026-08-29 02:29:48,SLLC329,0104,Marilyn Matar,10,8,0,2026-08-29 02:50:43
2026-08-29 02:29:48,SLLC329,0105,Marilyn Matar,10,9,0,2026-08-29 02:50:43
2026-08-29 02:29:48,SLLC329,0106,Marilyn Matar,10,4,0,2026-08-29 02:50:43
2026-08-29 02:29:48,SLLC329,0107,Marilyn Matar,10,9,0,2026-08-29 02:50:43
2026-08-29 02:29:48,SLLC329,0108,Marilyn Matar,10,8,0,2026-08-29 02:50:43
2026-08-29 02:29:48,SLLC329,0109,Marilyn Matar,10,5,0,2026-08-29 02:50:43
2026-08-29 02:29:48,SLLC329,0110,Marilyn Matar,20,7,0,2026-08-29 02:50:43
2026-08-29 02:29:48,SLLC350,0101,Michele Mason,30,25,0,2026-08-29 02:50:44
2026-08-29 02:29:48,SMLP470,0101,Brooke Smith,45,13,0,2026-08-29 02:50:46
2026-08-29 02:29:48,SMLP472,0101,Sara Herald,60,21,0,2026-08-29 02:50:46
2026-08-29 02:29:48,TLTC310,0101,Sarah Kistner,0,0,0,2026-08-29 02:51:55
2026-08-29 02:29:48,TLTC310,0201,Yanira Ortiz,20,14,0,2026-08-29 02:51:55
2026-08-29 02:29:48,TLTC333,0101,Mona Thompson,55,5,0,2026-08-29 02:51:55
2026-08-29 02:29:48,TLTC333,0102,Mona Thompson,60,1,0,2026-08-29 02:51:55
2026-08-29 02:29:48,TLTC333,0105,Mona Thompson,57,11,0,2026-08-29 02:51:55
2026-08-29 02:29:48,TLTC499A,0101,Mona Thompson,10,7,0,2026-08-29 02:51:56
2026-08-29 02:29:48,TLTC499A,0102,Danielle Pafe,10,8,0,2026-08-29 02:51:56
2026-08-29 02:29:48,UMEI005,0101,Charles Duquette,15,3,0,2026-08-29 02:51:58
2026-08-29 02:29:48,UMEI005,0201,Heather Mehrtens,15,9,0,2026-08-29 02:51:58
2026-08-29 02:29:48,UMEI005,0301,Marilena Draganescu,15,10,0,2026-08-29 02:51:58
2026-08-29 02:29:48,UMEI012,0101,Louise Godley,10,9,0,2026-08-29 02:51:58
2026-08-29 02:29:48,UMEI013,0101,Louise Godley,10,9,0,2026-08-29 02:51:59
2026-08-29 02:29:48,UMEI028A,0101,Raymond Smith,16,14,0,2026-08-29 02:51:59
2026-08-29 02:29:48,UMEI506,0101,Heather Mehrtens,16,0,0,2026-08-29 02:52:00
2026-08-29 02:29:48,UMEI506,0201,Heather Mehrtens,16,8,0,2026-08-29 02:52:00
2026-08-29 02:29:48,UMEI507,0101,Marilena Draganescu,15,4,0,2026-08-29 02:52:00
2026-08-29 02:29:48,USLT201,0101,Robert Chester,25,0,0,2026-08-29 02:52:09
2026-08-29 02:29:48,USLT398C,0101,Angela Pico Pinto,25,18,0,2026-08-29 02:52:09
2026-08-29 02:29:48,USLT450,0101,Robert Chester,20,0,5,2026-08-29 02:52:10
2026-08-29 02:29:48,USLT498C,0101,Ana Rodriguez,20,14,0,2026-08-29 02:52:10
2026-08-29 02:29:48,VIPS099,0115,Veronica Kang,5,4,0,2026-08-29 02:52:12
2026-08-29 02:29:48,VIPS208,0101,Mary Bowden,10,10,0,2026-08-29 02:52:12
2026-08-29 02:29:48,VIPS208,0102,Ken Kiger,10,2,0,2026-08-29 02:52:12
2026-08-29 02:29:48,VIPS208,0103,Bryan Quinn,10,6,0,2026-08-29 02:52:12
2026-08-29 02:29:48,VIPS208,0104,Abdil Chowdhury,10,3,0,2026-08-29 02:52:12
2026-08-29 02:29:48,VIPS208,0105,Molly Carton,10,7,0,2026-08-29 02:52:12
2026-08-29 02:29:48,VIPS208,0106,James Baeder,14,3,0,2026-08-29 02:52:12
2026-08-29 02:29:48,VIPS208,0107,Catherine Spirito,10,6,0,2026-08-29 02:52:12
2026-08-29 02:29:48,VIPS208,0108,Ronald Yaros,10,4,0,2026-08-29 02:52:12
2026-08-29 02:29:48,VIPS208,0109,Carinna Ferguson,10,6,0,2026-08-29 02:52:12
2026-08-29 02:29:48,VIPS208,0110,Tracy Riggins,15,0,0,2026-08-29 02:52:12
2026-08-29 02:29:48,VIPS208,0111,Kevin Calabro,13,3,0,2026-08-29 02:52:12
2026-08-29 02:29:48,VIPS208,0112,Raffaele Viglianti,10,5,0,2026-08-29 02:52:12
2026-08-29 02:29:48,VIPS208,0113,Shabnam Jabeen,10,2,0,2026-08-29 02:52:12
2026-08-29 02:29:48,VIPS208,0114,Ning Zeng,15,6,0,2026-08-29 02:52:12
2026-08-29 02:29:48,VIPS208,0115,Veronica Kang,10,5,0,2026-08-29 02:52:12
2026-08-29 02:29:48,VIPS208,0116,David Stewart,10,0,0,2026-08-29 02:52:12
2026-08-29 02:29:48,VIPS208,0117,Meredith Epstein,10,8,0,2026-08-29 02:52:12
2026-08-29 02:29:48,VIPS208,0118,Magaly Toro Ibaceta,10,3,0,2026-08-29 02:52:12
2026-08-29 02:29:48,VIPS208,0120,Marisa Parham,10,6,0,2026-08-29 02:52:12
2026-08-29 02:29:48,VIPS208,0121,Becky Epanchin-Niell,10,1,0,2026-08-29 02:52:12
2026-08-29 02:29:48,VIPS208,0122,Timothy Reedy,10,4,0,2026-08-29 02:52:12
2026-08-29 02:29:48,VIPS208,0123,Lingnan Lin,13,4,0,2026-08-29 02:52:12
2026-08-29 02:29:48,VIPS208,0124,Jeffrey Moro,10,4,0,2026-08-29 02:52:12
2026-08-29 02:29:48,VIPS208,0125,Peter Sunderland,12,4,0,2026-08-29 02:52:12
2026-08-29 02:29:48,VIPS208,0126,Brienna Anderson,10,2,0,2026-08-29 02:52:12
2026-08-29 02:29:48,VIPS308,0101,Mary Bowden,10,9,0,2026-08-29 02:52:13
2026-08-29 02:29:48,VIPS308,0102,Ken Kiger,10,3,0,2026-08-29 02:52:13
2026-08-29 02:29:48,VIPS308,0103,Bryan Quinn,10,3,0,2026-08-29 02:52:13
2026-08-29 02:29:48,VIPS308,0104,Abdil Chowdhury,10,4,0,2026-08-29 02:52:13
2026-08-29 02:29:48,VIPS308,0105,Molly Carton,10,4,0,2026-08-29 02:52:13
2026-08-29 02:29:48,VIPS308,0106,James Baeder,10,6,0,2026-08-29 02:52:13
2026-08-29 02:29:48,VIPS308,0107,Catherine Spirito,10,7,0,2026-08-29 02:52:13
2026-08-29 02:29:48,VIPS308,0108,Ronald Yaros,10,9,0,2026-08-29 02:52:13
2026-08-29 02:29:48,VIPS308,0109,Carinna Ferguson,10,7,0,2026-08-29 02:52:13
2026-08-29 02:29:48,VIPS308,0110,Tracy Riggins,10,2,0,2026-08-29 02:52:13
2026-08-29 02:29:48,VIPS308,0111,Kevin Calabro,10,6,0,2026-08-29 02:52:13
2026-08-29 02:29:48,VIPS308,0112,Raffaele Viglianti,10,10,0,2026-08-29 02:52:13
2026-08-29 02:29:48,VIPS308,0113,Shabnam Jabeen,10,8,0,2026-08-29 02:52:13
2026-08-29 02:29:48,VIPS308,0114,Ning Zeng,10,9,0,2026-08-29 02:52:13
2026-08-29 02:29:48,VIPS308,0115,Veronica Kang,10,9,0,2026-08-29 02:52:13
2026-08-29 02:29:48,VIPS308,0116,David Stewart,10,10,0,2026-08-29 02:52:13
2026-08-29 02:29:48,VIPS308,0117,Meredith Epstein,10,8,0,2026-08-29 02:52:13
2026-08-29 02:29:48,VIPS308,0118,Magaly Toro Ibaceta,10,10,0,2026-08-29 02:52:13
2026-08-29 02:29:48,VIPS308,0120,Marisa Parham,10,10,0,2026-08-29 02:52:13
2026-08-29 02:29:48,VIPS308,0121,Becky Epanchin-Niell,10,10,0,2026-08-29 02:52:13
2026-08-29 02:29:48,VIPS308,0122,Roan Parrish,10,10,0,2026-08-29 02:52:13
2026-08-29 02:29:48,VIPS308,0123,Lingnan Lin,10,10,0,2026-08-29 02:52:13
2026-08-29 02:29:48,VIPS308,0124,Jeffrey Moro,10,10,0,2026-08-29 02:52:13
2026-08-29 02:29:48,VIPS308,0125,Peter Sunderland,10,10,0,2026-08-29 02:52:13
2026-08-29 02:29:48,VIPS308,0126,Brienna Anderson,10,10,0,2026-08-29 02:52:13
2026-08-29 02:29:48,VIPS408,0101,Mary Bowden,10,5,0,2026-08-29 02:52:14
2026-08-29 02:29:48,VIPS408,0102,Ken Kiger,10,8,0,2026-08-29 02:52:14
2026-08-29 02:29:48,VIPS408,0103,Bryan Quinn,10,3,0,2026-08-29 02:52:14
2026-08-29 02:29:48,VIPS408,0104,Abdil Chowdhury,10,8,0,2026-08-29 02:52:14
2026-08-29 02:29:48,VIPS408,0105,Molly Carton,10,8,0,2026-08-29 02:52:14
2026-08-29 02:29:48,VIPS408,0106,James Baeder,10,7,0,2026-08-29 02:52:14
2026-08-29 02:29:48,VIPS408,0107,Catherine Spirito,10,10,0,2026-08-29 02:52:14
2026-08-29 02:29:48,VIPS408,0108,Ronald Yaros,10,8,0,2026-08-29 02:52:14
2026-08-29 02:29:48,VIPS408,0109,Carinna Ferguson,10,9,0,2026-08-29 02:52:14
2026-08-29 02:29:48,VIPS408,0110,Tracy Riggins,10,10,0,2026-08-29 02:52:14
2026-08-29 02:29:48,VIPS408,0111,Kevin Calabro,10,8,0,2026-08-29 02:52:14
2026-08-29 02:29:48,VIPS408,0112,Raffaele Viglianti,10,9,0,2026-08-29 02:52:14
2026-08-29 02:29:48,VIPS408,0113,Shabnam Jabeen,10,10,0,2026-08-29 02:52:14
2026-08-29 02:29:48,VIPS408,0114,Ning Zeng,10,10,0,2026-08-29 02:52:14
2026-08-29 02:29:48,VIPS408,0115,Veronica Kang,10,10,0,2026-08-29 02:52:14
2026-08-29 02:29:48,VIPS408,0116,David Stewart,10,10,0,2026-08-29 02:52:14
2026-08-29 02:29:48,VIPS408,0117,Meredith Epstein,10,10,0,2026-08-29 02:52:14
2026-08-29 02:29:48,VIPS408,0118,Magaly Toro Ibaceta,10,9,0,2026-08-29 02:52:14
2026-08-29 02:29:48,VIPS408,0120,Marisa Parham,10,10,0,2026-08-29 02:52:14
2026-08-29 02:29:48,VIPS408,0121,Becky Epanchin-Niell,10,10,0,2026-08-29 02:52:14
2026-08-29 02:29:48,VIPS408,0122,Roan Parrish,10,10,0,2026-08-29 02:52:14
2026-08-29 02:29:48,VIPS408,0123,Lingnan Lin,10,10,0,2026-08-29 02:52:14
2026-08-29 02:29:48,VIPS408,0124,Jeffrey Moro,10,10,0,2026-08-29 02:52:14
2026-08-29 02:29:48,VIPS408,0125,Peter Sunderland,10,10,0,2026-08-29 02:52:14
2026-08-29 02:29:48,VIPS408,0126,Brienna Anderson,10,10,0,2026-08-29 02:52:14
2026-08-29 02:29:48,WEID139B,0101,Denise Joseph,48,15,0,2026-08-29 02:52:17
2026-08-29 02:29:48,WEID139L,0201,Taylor Togafau-Lewis,48,18,0,2026-08-29 02:52:17
