Timestamp,Course,Section,Instructor,Total_Seats,Open_Seats,Waitlist,Fetch_Time
2026-05-24 23:44:28,PLCY100,0101,Toby Egan,15,0,0,2026-05-24 23:59:53
2026-05-24 23:44:28,PLCY100,0102,Toby Egan,15,0,0,2026-05-24 23:59:53
2026-05-24 23:44:28,PLCY100,0103,Toby Egan,15,5,0,2026-05-24 23:59:53
2026-05-24 23:44:28,PLCY100,0104,Toby Egan,15,10,0,2026-05-24 23:59:53
2026-05-24 23:44:28,PLCY100,0201,Namrta Sharma,15,11,0,2026-05-24 23:59:53
2026-05-24 23:44:28,PLCY100,0202,Namrta Sharma,15,13,0,2026-05-24 23:59:53
2026-05-24 23:44:28,PLCY100,0203,Namrta Sharma,15,11,0,2026-05-24 23:59:53
2026-05-24 23:44:28,PLCY100,0204,Namrta Sharma,15,11,0,2026-05-24 23:59:53
2026-05-24 23:44:28,PLCY101,0101,Robert Sprinkle,45,2,0,2026-05-24 23:59:53
2026-05-24 23:44:28,PLCY170,0101,Joshua Itzkowitz Shifrinson,20,0,0,2026-05-24 23:59:53
2026-05-24 23:44:28,PLCY170,0102,Joshua Itzkowitz Shifrinson,20,2,0,2026-05-24 23:59:53
2026-05-24 23:44:28,PLCY170,0103,Joshua Itzkowitz Shifrinson,20,11,0,2026-05-24 23:59:53
2026-05-24 23:44:28,PLCY170,0104,Joshua Itzkowitz Shifrinson,20,10,0,2026-05-24 23:59:53
2026-05-24 23:44:28,PLCY170,0105,Joshua Itzkowitz Shifrinson,20,3,0,2026-05-24 23:59:53
2026-05-24 23:44:28,PLCY170,0106,Joshua Itzkowitz Shifrinson,25,15,0,2026-05-24 23:59:53
2026-05-24 23:44:28,PLCY172,0101,Caroline Ritter,95,65,0,2026-05-24 23:59:53
2026-05-24 23:44:28,PLCY200,0101,Shanna Pearson-Merkowitz,35,0,2,2026-05-24 23:59:53
2026-05-24 23:44:28,PLCY200,0201,Shanna Pearson-Merkowitz,35,0,6,2026-05-24 23:59:53
2026-05-24 23:44:28,PLCY200,0301,Namrta Sharma,35,0,6,2026-05-24 23:59:53
2026-05-24 23:44:28,PLCY201,0101,Julio Guzman,42,12,0,2026-05-24 23:59:54
2026-05-24 23:44:28,PLCY201,0201,Gregory Ramsay,36,1,0,2026-05-24 23:59:54
2026-05-24 23:44:28,PLCY201,FC01,Anne Kaiser,30,15,0,2026-05-24 23:59:54
2026-05-24 23:44:28,PLCY201,FC02,Anne Kaiser,30,25,0,2026-05-24 23:59:54
2026-05-24 23:44:28,PLCY201S,0101,Susannah Washburn,80,80,0,2026-05-24 23:59:54
2026-05-24 23:44:28,PLCY203,0101,Thomas Hilde,60,26,0,2026-05-24 23:59:54
2026-05-24 23:44:28,PLCY203,0201,Anne Kaiser,60,46,0,2026-05-24 23:59:54
2026-05-24 23:44:28,PLCY213,0201,Claire Dunning,40,14,0,2026-05-24 23:59:54
2026-05-24 23:44:28,PLCY214,0101,Patricia Bory,65,65,0,2026-05-24 23:59:54
2026-05-24 23:44:28,PLCY240,0101,Timothy Reedy,30,0,9,2026-05-24 23:59:54
2026-05-24 23:44:28,PLCY288K,0101,CHRISTIAN OSTERMANN,25,10,0,2026-05-24 23:59:55
2026-05-24 23:44:28,PLCY300,0101,Alana Hackshaw,45,0,11,2026-05-24 23:59:55
2026-05-24 23:44:28,PLCY300,0201,Namrta Sharma,45,32,0,2026-05-24 23:59:55
2026-05-24 23:44:28,PLCY301,0101,Caroline Boules,165,58,0,2026-05-24 23:59:55
2026-05-24 23:44:28,PLCY302,0101,Niambi Carter,40,0,0,2026-05-24 23:59:55
2026-05-24 23:44:28,PLCY302,0201,Ebonie Johnson Cooper,40,20,0,2026-05-24 23:59:55
2026-05-24 23:44:28,PLCY302,0301,Lindsay Dieudonne,40,1,0,2026-05-24 23:59:55
2026-05-24 23:44:28,PLCY303,0101,Juan Martinez Guzman,40,6,0,2026-05-24 23:59:55
2026-05-24 23:44:28,PLCY304,0101,Michael Busse,40,15,0,2026-05-24 23:59:55
2026-05-24 23:44:28,PLCY304,0201,Michael Busse,40,19,0,2026-05-24 23:59:55
2026-05-24 23:44:28,PLCY309,0101,Martin Sanders,30,30,0,2026-05-24 23:59:56
2026-05-24 23:44:28,PLCY310,0101,Selvon Waldron,35,14,0,2026-05-24 23:59:56
2026-05-24 23:44:28,PLCY313,0101,Gerard Evans,100,35,0,2026-05-24 23:59:56
2026-05-24 23:44:28,PLCY371,0101,Joshua Itzkowitz Shifrinson,35,1,0,2026-05-24 23:59:56
2026-05-24 23:44:28,PLCY380,0101,Isabel O'Malley,40,0,1,2026-05-24 23:59:56
2026-05-24 23:44:28,PLCY380,ESG1,Kisha McNeill,24,0,1,2026-05-24 23:59:56
2026-05-24 23:44:28,PLCY388A,0101,Brandi Onowu,40,9,0,2026-05-24 23:59:56
2026-05-24 23:44:28,PLCY388N,0101,Nina Harris,25,9,0,2026-05-24 23:59:57
2026-05-24 23:44:28,PLCY390,0101,Lena Andrews,20,0,11,2026-05-24 23:59:57
2026-05-24 23:44:28,PLCY399B,0101,Beatrice DeBelen,30,22,0,2026-05-24 23:59:57
2026-05-24 23:44:28,PLCY400,0101,Patricia Bory,25,4,0,2026-05-24 23:59:57
2026-05-24 23:44:28,PLCY401,0101,Anand Patwardhan,20,8,0,2026-05-24 23:59:58
2026-05-24 23:44:28,PLCY401,0201,Tracy Thompson,20,0,0,2026-05-24 23:59:58
2026-05-24 23:44:28,PLCY401,0301,David Mussington,20,8,0,2026-05-24 23:59:58
2026-05-24 23:44:28,PLCY490,0101,Michael Woldemariam,15,7,0,2026-05-24 23:59:58
2026-05-24 23:44:28,PLCY492,0101,Steven Fetter,20,5,0,2026-05-24 23:59:58
2026-05-24 23:44:28,PLCY610,0201,Alec Worsnop,40,23,0,2026-05-24 23:59:58
2026-05-24 23:44:28,PLCY630,0101,Catherine Worsnop,25,14,0,2026-05-24 23:59:58
2026-05-24 23:44:28,PLCY630,0201,Catherine Worsnop,25,14,0,2026-05-24 23:59:58
2026-05-24 23:44:28,PLCY631,0101,Cullen Merritt,25,13,0,2026-05-24 23:59:58
2026-05-24 23:44:28,PLCY631,0201,Elizabeth Duke,25,14,0,2026-05-24 23:59:58
2026-05-24 23:44:28,PLCY640,0201,Thomas Spreen,30,13,0,2026-05-24 23:59:59
2026-05-24 23:44:28,PLCY641,0101,Tyler Kustra,30,10,0,2026-05-24 23:59:59
2026-05-24 23:44:28,PLCY641,0201,Tyler Kustra,30,14,0,2026-05-24 23:59:59
2026-05-24 23:44:28,PLCY670,0101,Philip Joyce,30,8,0,2026-05-24 23:59:59
2026-05-24 23:44:28,PLCY680,0101,Claire Dunning,25,10,0,2026-05-24 23:59:59
2026-05-24 23:44:28,PLCY680,0201,Michael Woldemariam,25,19,0,2026-05-24 23:59:59
2026-05-24 23:44:28,PLCY688C,0101,Charles Harry,20,13,0,2026-05-24 23:59:59
2026-05-24 23:44:28,PLCY688F,PWL1,Nekeya O'Connor,20,16,0,2026-05-24 23:59:59
2026-05-24 23:44:28,PLCY688P,0101,Steven Fetter,10,1,0,2026-05-25 00:00:00
2026-05-24 23:44:28,PLCY688Z,0101,Brandi Onowu,20,10,0,2026-05-25 00:00:00
2026-05-24 23:44:28,PLCY689E,0101,Susan Parker,20,0,4,2026-05-25 00:00:00
2026-05-24 23:44:28,PLCY690,0110,David Mussington,15,4,0,2026-05-25 00:00:00
2026-05-24 23:44:28,PLCY690,0120,Margaret Brindle,15,4,0,2026-05-25 00:00:00
2026-05-24 23:44:28,PLCY690,0130,Douglas Call,15,2,0,2026-05-25 00:00:00
2026-05-24 23:44:28,PLCY690,0150,Paul Brown,15,0,0,2026-05-25 00:00:00
2026-05-24 23:44:28,PLCY690,0170,James Stillwell,15,3,0,2026-05-25 00:00:00
2026-05-24 23:44:28,PLCY698T,0101,Elizabeth Duke,20,13,0,2026-05-25 00:00:00
2026-05-24 23:44:28,PLCY699L,0101,Michael Woldemariam,10,0,0,2026-05-25 00:00:01
2026-05-24 23:44:28,PLCY720,0101,Nancy Gallagher,20,8,0,2026-05-25 00:00:01
2026-05-24 23:44:28,PLCY734,0101,Niambi Carter,20,2,0,2026-05-25 00:00:01
2026-05-24 23:44:28,PLCY735,0101,Robert Sprinkle,20,15,0,2026-05-25 00:00:02
2026-05-24 23:44:28,PLCY741,0101,Anand Patwardhan,20,11,0,2026-05-25 00:00:02
2026-05-24 23:44:28,PLCY742,0101,Thomas Hilde,20,12,0,2026-05-25 00:00:02
2026-05-24 23:44:28,PLCY780,0101,Robert Orr,20,0,0,2026-05-25 00:00:03
2026-05-24 23:44:28,PLCY781,0101,Julio Guzman,20,5,0,2026-05-25 00:00:03
2026-05-24 23:44:28,PLCY783,0101,Margaret Brindle,20,13,0,2026-05-25 00:00:03
2026-05-24 23:44:28,PLCY798F,PWL1,William Nolte,25,25,0,2026-05-25 00:00:04
2026-05-24 23:44:28,PLCY798N,0101,Jiehong Lou,20,19,0,2026-05-25 00:00:04
2026-05-24 23:44:28,PLCY798V,0101,Shanna Pearson-Merkowitz,12,6,0,2026-05-25 00:00:04
2026-05-24 23:44:28,PLCY798Y,PWL1,Jeffrey Franco,19,15,0,2026-05-25 00:00:05
2026-05-24 23:44:28,PLCY798Z,0101,Peter Reuter,12,8,0,2026-05-25 00:00:05
2026-05-24 23:44:28,PLSC112,0101,Samuel Daramola,60,0,0,2026-05-25 00:00:07
2026-05-24 23:44:28,PLSC113,0101,Samuel Daramola,14,2,0,2026-05-25 00:00:07
2026-05-24 23:44:28,PLSC113,0102,Samuel Daramola,14,1,0,2026-05-25 00:00:07
2026-05-24 23:44:28,PLSC113,0103,Samuel Daramola,14,4,0,2026-05-25 00:00:07
2026-05-24 23:44:28,PLSC113,0104,Samuel Daramola,14,0,0,2026-05-25 00:00:07
2026-05-24 23:44:28,PLSC115,0101,Shirley Micallef,14,8,0,2026-05-25 00:00:07
2026-05-24 23:44:28,PLSC201,0101,Pierre Jacob,42,17,0,2026-05-25 00:00:08
2026-05-24 23:44:28,PLSC203,0101,Vijay Tiwari,23,17,0,2026-05-25 00:00:08
2026-05-24 23:44:28,PLSC205,0101,Mark Carroll,13,1,0,2026-05-25 00:00:08
2026-05-24 23:44:28,PLSC206,0101,Pierre Jacob,21,11,0,2026-05-25 00:00:08
2026-05-24 23:44:28,PLSC206,0102,Pierre Jacob,21,9,0,2026-05-25 00:00:08
2026-05-24 23:44:28,PLSC253,0101,Karen Petroff,24,0,0,2026-05-25 00:00:08
2026-05-24 23:44:28,PLSC253,0102,Karen Petroff,24,18,0,2026-05-25 00:00:08
2026-05-24 23:44:28,PLSC389,0101,Craig Beyrouty,17,17,0,2026-05-25 00:00:08
2026-05-24 23:44:28,PLSC402,0101,Geoffrey Rinehart,10,3,0,2026-05-25 00:00:09
2026-05-24 23:44:28,PLSC404,0101,Yiping Qi,20,15,0,2026-05-25 00:00:09
2026-05-24 23:44:28,PLSC420,0101,Nidhi Rawat,18,5,0,2026-05-25 00:00:09
2026-05-24 23:44:28,PLSC420,0102,Nidhi Rawat,18,12,0,2026-05-25 00:00:09
2026-05-24 23:44:28,PLSC433,0101,Diana Cochran,10,5,0,2026-05-25 00:00:09
2026-05-24 23:44:28,PLSC453,0101,Samuel Daramola,24,7,0,2026-05-25 00:00:09
2026-05-24 23:44:28,PLSC471,0101,Juanita Choo,20,1,0,2026-05-25 00:00:10
2026-05-24 23:44:28,PLSC476,0101,Maile Neel,23,22,0,2026-05-25 00:00:10
2026-05-24 23:44:28,PLSC608,0101,Shunyuan Xiao,20,18,0,2026-05-25 00:00:10
2026-05-24 23:44:28,PORT103,0101,Parker Brookie,15,11,0,2026-05-25 00:00:12
2026-05-24 23:44:28,PORT205,0101,Parker Brookie,15,9,0,2026-05-25 00:00:12
2026-05-24 23:44:28,PORT332,0101,Parker Brookie,25,0,5,2026-05-25 00:00:12
2026-05-24 23:44:28,PSYC100,0101,Benjamin Jones,18,6,0,2026-05-25 00:00:14
2026-05-24 23:44:28,PSYC100,0102,Benjamin Jones,18,3,0,2026-05-25 00:00:14
2026-05-24 23:44:28,PSYC100,0103,Benjamin Jones,18,4,0,2026-05-25 00:00:14
2026-05-24 23:44:28,PSYC100,0104,Benjamin Jones,18,9,0,2026-05-25 00:00:14
2026-05-24 23:44:28,PSYC100,0105,Benjamin Jones,18,14,0,2026-05-25 00:00:14
2026-05-24 23:44:28,PSYC100,0106,Benjamin Jones,18,15,0,2026-05-25 00:00:14
2026-05-24 23:44:28,PSYC100,0107,Benjamin Jones,18,7,0,2026-05-25 00:00:14
2026-05-24 23:44:28,PSYC100,0108,Benjamin Jones,18,17,0,2026-05-25 00:00:14
2026-05-24 23:44:28,PSYC100,0109,Benjamin Jones,18,16,0,2026-05-25 00:00:14
2026-05-24 23:44:28,PSYC100,0110,Benjamin Jones,18,16,0,2026-05-25 00:00:14
2026-05-24 23:44:28,PSYC100,0201,Abigail Nicolas,18,3,0,2026-05-25 00:00:14
2026-05-24 23:44:28,PSYC100,0202,Abigail Nicolas,18,0,0,2026-05-25 00:00:14
2026-05-24 23:44:28,PSYC100,0203,Abigail Nicolas,18,0,0,2026-05-25 00:00:14
2026-05-24 23:44:28,PSYC100,0204,Abigail Nicolas,18,2,0,2026-05-25 00:00:14
2026-05-24 23:44:28,PSYC100,0205,Abigail Nicolas,18,0,0,2026-05-25 00:00:14
2026-05-24 23:44:28,PSYC100,0206,Abigail Nicolas,18,8,0,2026-05-25 00:00:14
2026-05-24 23:44:28,PSYC100,0207,Abigail Nicolas,18,2,0,2026-05-25 00:00:14
2026-05-24 23:44:28,PSYC100,0208,Abigail Nicolas,18,1,0,2026-05-25 00:00:14
2026-05-24 23:44:28,PSYC100,0209,Abigail Nicolas,18,0,0,2026-05-25 00:00:14
2026-05-24 23:44:28,PSYC100,0210,Abigail Nicolas,18,5,0,2026-05-25 00:00:14
2026-05-24 23:44:28,PSYC100,0301,Joseph Barnet,18,0,0,2026-05-25 00:00:14
2026-05-24 23:44:28,PSYC100,0302,Joseph Barnet,18,0,0,2026-05-25 00:00:14
2026-05-24 23:44:28,PSYC100,0303,Joseph Barnet,18,0,0,2026-05-25 00:00:14
2026-05-24 23:44:28,PSYC100,0304,Joseph Barnet,18,0,0,2026-05-25 00:00:14
2026-05-24 23:44:28,PSYC100,0305,Joseph Barnet,18,0,0,2026-05-25 00:00:14
2026-05-24 23:44:28,PSYC100,0401,Dirk Parham,30,0,0,2026-05-25 00:00:14
2026-05-24 23:44:28,PSYC100,FC01,Heather Ganginis DelPino,32,0,0,2026-05-25 00:00:14
2026-05-24 23:44:28,PSYC100,FC02,Heather Ganginis DelPino,32,0,0,2026-05-25 00:00:14
2026-05-24 23:44:28,PSYC100,FC03,Benjamin Jones,32,0,0,2026-05-25 00:00:14
2026-05-24 23:44:28,PSYC100,FC04,Jacob Coutts,32,0,0,2026-05-25 00:00:14
2026-05-24 23:44:28,PSYC123,0101,Erica Ely,90,0,0,2026-05-25 00:00:14
2026-05-24 23:44:28,PSYC123,0201,Erica Ely,90,0,0,2026-05-25 00:00:14
2026-05-24 23:44:28,PSYC200,0101,Tracy Tomlinson,25,19,0,2026-05-25 00:00:15
2026-05-24 23:44:28,PSYC200,0102,Tracy Tomlinson,25,20,0,2026-05-25 00:00:15
2026-05-24 23:44:28,PSYC200,0103,Tracy Tomlinson,25,23,0,2026-05-25 00:00:15
2026-05-24 23:44:28,PSYC200,0104,Tracy Tomlinson,25,22,0,2026-05-25 00:00:15
2026-05-24 23:44:28,PSYC200,0105,Tracy Tomlinson,25,23,0,2026-05-25 00:00:15
2026-05-24 23:44:28,PSYC200,0201,Tracy Tomlinson,25,7,0,2026-05-25 00:00:15
2026-05-24 23:44:28,PSYC200,0202,Tracy Tomlinson,25,0,1,2026-05-25 00:00:15
2026-05-24 23:44:28,PSYC200,0203,Tracy Tomlinson,25,0,2,2026-05-25 00:00:15
2026-05-24 23:44:28,PSYC200,0204,Tracy Tomlinson,25,0,3,2026-05-25 00:00:15
2026-05-24 23:44:28,PSYC200,0205,Tracy Tomlinson,25,0,2,2026-05-25 00:00:15
2026-05-24 23:44:28,PSYC221,0101,Abigail Nicolas,90,32,0,2026-05-25 00:00:15
2026-05-24 23:44:28,PSYC221,0201,Joseph Barnet,90,0,0,2026-05-25 00:00:15
2026-05-24 23:44:28,PSYC221,0301,Joseph Barnet,90,45,0,2026-05-25 00:00:15
2026-05-24 23:44:28,PSYC221,FC01,Joseph Barnet,32,0,0,2026-05-25 00:00:15
2026-05-24 23:44:28,PSYC232,0101,Linda Zou,36,0,19,2026-05-25 00:00:15
2026-05-24 23:44:28,PSYC234,0101,Abigail Nicolas,81,0,0,2026-05-25 00:00:15
2026-05-24 23:44:28,PSYC234,FC01,Heather Ganginis DelPino,34,0,0,2026-05-25 00:00:15
2026-05-24 23:44:28,PSYC300,0101,Amanda Chicoli,16,0,4,2026-05-25 00:00:15
2026-05-24 23:44:28,PSYC300,0102,Amanda Chicoli,16,0,5,2026-05-25 00:00:15
2026-05-24 23:44:28,PSYC300,0103,Amanda Chicoli,16,0,5,2026-05-25 00:00:15
2026-05-24 23:44:28,PSYC300,0104,Amanda Chicoli,16,0,4,2026-05-25 00:00:15
2026-05-24 23:44:28,PSYC300,0105,Amanda Chicoli,16,0,3,2026-05-25 00:00:15
2026-05-24 23:44:28,PSYC300,0201,Ana Navarro Cebrian,16,0,20,2026-05-25 00:00:15
2026-05-24 23:44:28,PSYC300,0202,Ana Navarro Cebrian,16,0,10,2026-05-25 00:00:15
2026-05-24 23:44:28,PSYC300,0203,Ana Navarro Cebrian,16,0,15,2026-05-25 00:00:15
2026-05-24 23:44:28,PSYC300,0204,Ana Navarro Cebrian,16,0,13,2026-05-25 00:00:15
2026-05-24 23:44:28,PSYC300,0205,Ana Navarro Cebrian,16,0,18,2026-05-25 00:00:15
2026-05-24 23:44:28,PSYC302,0101,Amanda Chicoli,45,0,10,2026-05-25 00:00:15
2026-05-24 23:44:28,PSYC303,0101,Jose Lima Rosas,45,26,0,2026-05-25 00:00:16
2026-05-24 23:44:28,PSYC304,0101,Anna Li,105,0,0,2026-05-25 00:00:16
2026-05-24 23:44:28,PSYC309D,0101,David Yager,22,2,0,2026-05-25 00:00:16
2026-05-24 23:44:28,PSYC309F,0101,Nazish Salahuddin,25,11,0,2026-05-25 00:00:16
2026-05-24 23:44:28,PSYC330,0101,Andrea Chronis-Tuscano,90,0,0,2026-05-25 00:00:16
2026-05-24 23:44:28,PSYC336,0101,Karoline Trovato,99,0,21,2026-05-25 00:00:16
2026-05-24 23:44:28,PSYC341,0101,Timothy George,105,37,0,2026-05-25 00:00:17
2026-05-24 23:44:28,PSYC344,0101,Monica Cushnie,67,0,0,2026-05-25 00:00:17
2026-05-24 23:44:28,PSYC353,0101,Susanna Crowell McQuarrie,105,23,0,2026-05-25 00:00:17
2026-05-24 23:44:28,PSYC354,0101,Monica Cushnie,135,0,5,2026-05-25 00:00:17
2026-05-24 23:44:28,PSYC355,0101,Fanita Tyrell,135,2,0,2026-05-25 00:00:17
2026-05-24 23:44:28,PSYC355,0201,Desi Jones,150,96,0,2026-05-25 00:00:17
2026-05-24 23:44:28,PSYC361,0101,James Grand,67,14,0,2026-05-25 00:00:17
2026-05-24 23:44:28,PSYC381,0101,Karen O'Brien,27,0,5,2026-05-25 00:00:18
2026-05-24 23:44:28,PSYC389,0101,Steven Young,18,17,0,2026-05-25 00:00:18
2026-05-24 23:44:28,PSYC404,0101,Ana Navarro Cebrian,45,0,29,2026-05-25 00:00:18
2026-05-24 23:44:28,PSYC407,0101,Matthew Roesch,7,0,8,2026-05-25 00:00:18
2026-05-24 23:44:28,PSYC407,0201,Matthew Roesch,7,0,10,2026-05-25 00:00:18
2026-05-24 23:44:28,PSYC407,0301,Matthew Roesch,7,0,7,2026-05-25 00:00:18
2026-05-24 23:44:28,PSYC409,0101,Gregory Ball,36,9,0,2026-05-25 00:00:18
2026-05-24 23:44:28,PSYC413,0101,Tracy Riggins,40,0,4,2026-05-25 00:00:18
2026-05-24 23:44:28,PSYC417,0101,Jacob Coutts,21,0,4,2026-05-25 00:00:20
2026-05-24 23:44:28,PSYC417,0201,Caroline Charpentier,21,8,0,2026-05-25 00:00:20
2026-05-24 23:44:28,PSYC420,0101,Edward Lemay,13,0,4,2026-05-25 00:00:20
2026-05-24 23:44:28,PSYC420,0102,Edward Lemay,13,0,5,2026-05-25 00:00:20
2026-05-24 23:44:28,PSYC425,0101,Tracy Tomlinson,27,0,8,2026-05-25 00:00:20
2026-05-24 23:44:28,PSYC432,0201,Monica Cushnie,90,0,0,2026-05-25 00:00:20
2026-05-24 23:44:28,PSYC433,0101,Terrill Taylor,9,0,3,2026-05-25 00:00:20
2026-05-24 23:44:28,PSYC433,0102,Terrill Taylor,9,0,5,2026-05-25 00:00:20
2026-05-24 23:44:28,PSYC433,0103,Terrill Taylor,9,0,0,2026-05-25 00:00:20
2026-05-24 23:44:28,PSYC433,0104,Terrill Taylor,9,0,3,2026-05-25 00:00:20
2026-05-24 23:44:28,PSYC433,0105,Terrill Taylor,9,0,1,2026-05-25 00:00:20
2026-05-24 23:44:28,PSYC433,0106,Terrill Taylor,9,0,3,2026-05-25 00:00:20
2026-05-24 23:44:28,PSYC433,0107,Terrill Taylor,9,5,0,2026-05-25 00:00:20
2026-05-24 23:44:28,PSYC433,0108,Terrill Taylor,9,0,4,2026-05-25 00:00:20
2026-05-24 23:44:28,PSYC433,0109,Terrill Taylor,9,2,0,2026-05-25 00:00:20
2026-05-24 23:44:28,PSYC436,0101,Andres De Los Reyes,67,0,9,2026-05-25 00:00:21
2026-05-24 23:44:28,PSYC437,0101,Abigail Nicolas,45,0,8,2026-05-25 00:00:21
2026-05-24 23:44:28,PSYC437,0201,Cristina Risco,72,0,13,2026-05-25 00:00:21
2026-05-24 23:44:28,PSYC440,0101,Tracy Tomlinson,21,9,0,2026-05-25 00:00:21
2026-05-24 23:44:28,PSYC447,0101,Jennifer Wessel,36,0,14,2026-05-25 00:00:21
2026-05-24 23:44:28,PSYC450,0101,Benjamin Jones,13,0,5,2026-05-25 00:00:21
2026-05-24 23:44:28,PSYC450,0102,Benjamin Jones,13,0,5,2026-05-25 00:00:21
2026-05-24 23:44:28,PSYC450,0201,Benjamin Jones,13,0,5,2026-05-25 00:00:21
2026-05-24 23:44:28,PSYC450,0202,Benjamin Jones,13,0,7,2026-05-25 00:00:21
2026-05-24 23:44:28,PSYC464,0101,Paul Hanges,36,1,0,2026-05-25 00:00:21
2026-05-24 23:44:28,PSYC468H,0403,Jennifer Wessel,5,5,0,2026-05-25 00:00:22
2026-05-24 23:44:28,PSYC468H,3008,Jacob Coutts,5,5,0,2026-05-25 00:00:22
2026-05-24 23:44:28,PSYC489A,0101,Alexander Shackman,67,16,0,2026-05-25 00:00:22
2026-05-24 23:44:28,PSYC489B,0101,Arianna Gard,30,27,0,2026-05-25 00:00:22
2026-05-24 23:44:28,PSYC489E,0101,Ethan Mereish,40,24,0,2026-05-25 00:00:23
2026-05-24 23:44:28,PSYC489I,0101,Cassandra Phetmisy,36,28,0,2026-05-25 00:00:23
2026-05-24 23:44:28,PSYC601,0101,Weizhen Xie,21,16,0,2026-05-25 00:00:23
2026-05-24 23:44:28,PSYC603,PCI1,Nikita Arun,40,33,0,2026-05-25 00:00:23
2026-05-24 23:44:28,PSYC614,0101,Alexander Shackman,20,15,0,2026-05-25 00:00:23
2026-05-24 23:44:28,PSYC622,PCC1,Christina Danko,40,17,0,2026-05-25 00:00:24
2026-05-24 23:44:28,PSYC624,0101,Henry Willis,15,14,0,2026-05-25 00:00:24
2026-05-24 23:44:28,PSYC629B,0101,Yevgeny Botanov,10,10,0,2026-05-25 00:00:24
2026-05-24 23:44:28,PSYC629C,0101,Lea Dougherty,10,10,0,2026-05-25 00:00:24
2026-05-24 23:44:28,PSYC629D,0101,Mary Byrne,10,10,0,2026-05-25 00:00:24
2026-05-24 23:44:28,PSYC638,0101,Lea Dougherty,20,20,0,2026-05-25 00:00:24
2026-05-24 23:44:28,PSYC638,0201,Derek Iwamoto,20,17,0,2026-05-25 00:00:24
2026-05-24 23:44:28,PSYC639,0101,Lea Dougherty,20,20,0,2026-05-25 00:00:25
2026-05-24 23:44:28,PSYC643,0101,Mary Byrne,10,9,0,2026-05-25 00:00:25
2026-05-24 23:44:28,PSYC643,PCC1,Rachel Singer,35,35,0,2026-05-25 00:00:25
2026-05-24 23:44:28,PSYC643,PCC2,Susanna Crowell McQuarrie,40,17,0,2026-05-25 00:00:25
2026-05-24 23:44:28,PSYC651,PCC1,Christina Danko,20,20,0,2026-05-25 00:00:25
2026-05-24 23:44:28,PSYC651,PCC2,Cristina Risco,20,20,0,2026-05-25 00:00:25
2026-05-24 23:44:28,PSYC653,PCI1,Andrew Naber,40,40,0,2026-05-25 00:00:25
2026-05-24 23:44:28,PSYC654,PWI1,Joselito Lualhati,40,40,0,2026-05-25 00:00:25
2026-05-24 23:44:28,PSYC660,PCI1,Kenneth Yusko,36,36,0,2026-05-25 00:00:25
2026-05-24 23:44:28,PSYC661,PCI1,David Shar,36,36,0,2026-05-25 00:00:26
2026-05-24 23:44:28,PSYC692,0101,Jonathan Mohr,10,7,0,2026-05-25 00:00:26
2026-05-24 23:44:28,PSYC700,0101,Terrill Taylor,15,14,0,2026-05-25 00:00:26
2026-05-24 23:44:28,PSYC732,PWI1,Kenneth Yusko,40,40,0,2026-05-25 00:00:26
2026-05-24 23:44:28,PSYC789K,0101,James Grand,20,18,0,2026-05-25 00:00:26
2026-05-24 23:44:28,PSYC798D,0101,Arianna Gard,10,6,0,2026-05-25 00:00:26
2026-05-24 23:44:28,PSYC798P,0101,Linda Zou,20,17,0,2026-05-25 00:00:27
2026-05-24 23:44:28,PSYC798R,0101,Elizabeth Redcay,20,19,0,2026-05-25 00:00:27
2026-05-24 23:44:28,PSYC798W,0101,Cassandra Phetmisy,20,18,0,2026-05-25 00:00:27
2026-05-24 23:44:28,PSYC798Z,0101,Edward Lemay,15,7,0,2026-05-25 00:00:27
2026-05-24 23:44:28,PSYC819D,0101,Jude Cassidy,10,9,0,2026-05-25 00:00:27
2026-05-24 23:44:28,PSYC888A,0101,Tracy Riggins,10,7,0,2026-05-25 00:00:28
2026-05-24 23:44:28,QMMS451,0101,Tracy Sweet,80,29,0,2026-05-25 00:00:29
2026-05-24 23:44:28,QMMS623,0101,Yang Liu,25,11,0,2026-05-25 00:00:29
2026-05-24 23:44:28,QMMS645,0101,Gregory Hancock,30,24,0,2026-05-25 00:00:30
2026-05-24 23:44:28,QMMS646,0101,Peter Steiner,30,24,0,2026-05-25 00:00:30
2026-05-24 23:44:28,QMMS651,0101,Jeffrey Harring,30,19,0,2026-05-25 00:00:30
2026-05-24 23:44:28,QMMS655,0101,Tracy Sweet,25,10,0,2026-05-25 00:00:30
2026-05-24 23:44:28,QMMS657,0101,Gregory Hancock,20,0,1,2026-05-25 00:00:30
2026-05-24 23:44:28,QMMS769I,0101,Peter Steiner,20,8,0,2026-05-25 00:00:30
2026-05-24 23:44:28,QMMS779M,0101,Jeffrey Harring,20,12,0,2026-05-25 00:00:31
2026-05-24 23:44:28,RDEV250,0101,Wayne Curtis,45,1,0,2026-05-25 00:00:33
2026-05-24 23:44:28,RDEV250,0102,Wayne Curtis,45,23,0,2026-05-25 00:00:33
2026-05-24 23:44:28,RDEV270,0101,John Park,33,18,0,2026-05-25 00:00:33
2026-05-24 23:44:28,RDEV350,0101,Instructor: TBA,40,20,0,2026-05-25 00:00:33
2026-05-24 23:44:28,RDEV350,0102,Jesse Saginor,30,13,0,2026-05-25 00:00:33
2026-05-24 23:44:28,RDEV440,0101,Robert McClennan,10,0,7,2026-05-25 00:00:33
2026-05-24 23:44:28,RDEV450,0101,Kathryn  Corby,23,0,2,2026-05-25 00:00:34
2026-05-24 23:44:28,RDEV450,0102,Thomas Dwyer,25,22,0,2026-05-25 00:00:34
2026-05-24 23:44:28,RDEV450,0103,John Park,24,1,0,2026-05-25 00:00:34
2026-05-24 23:44:28,RDEV473,0101,Jesse Saginor,12,0,7,2026-05-25 00:00:34
2026-05-24 23:44:28,RDEV600,0101,Jesse Saginor,15,13,0,2026-05-25 00:00:34
2026-05-24 23:44:28,RDEV603,0101,Thomas Dwyer,10,8,0,2026-05-25 00:00:34
2026-05-24 23:44:28,RDEV605,0101,John Park,18,11,0,2026-05-25 00:00:34
2026-05-24 23:44:28,RDEV620,0101,Abigail Ferretti,30,13,0,2026-05-25 00:00:34
2026-05-24 23:44:28,RDEV630,0101,Mansur Abdul-Malik,20,16,0,2026-05-25 00:00:35
2026-05-24 23:44:28,RDEV635,0101,Instructor: TBA,15,7,0,2026-05-25 00:00:35
2026-05-24 23:44:28,RDEV640,0101,Robert McClennan,15,8,0,2026-05-25 00:00:35
2026-05-24 23:44:28,RDEV660,0101,Suzanne White,30,22,0,2026-05-25 00:00:35
2026-05-24 23:44:28,RDEV670,0101,Ronald McDonald,20,15,0,2026-05-25 00:00:35
2026-05-24 23:44:28,RDEV688C,0101,Jesse Saginor,12,12,0,2026-05-25 00:00:35
2026-05-24 23:44:28,RDEV689D,0101,David Jefferson,20,11,0,2026-05-25 00:00:36
2026-05-24 23:44:28,RDEV689Y,0101,Instructor: TBA,4,4,0,2026-05-25 00:00:36
2026-05-24 23:44:28,RDEV690,0101,Tanya Bansal,10,3,0,2026-05-25 00:00:36
2026-05-24 23:44:28,RELS120,0101,Antoine Borrut,40,13,0,2026-05-25 00:00:37
2026-05-24 23:44:28,RELS170,0101,Chiara Graf,12,2,0,2026-05-25 00:00:37
2026-05-24 23:44:28,RELS170,0102,Chiara Graf,12,0,0,2026-05-25 00:00:37
2026-05-24 23:44:28,RELS170,0103,Chiara Graf,12,1,0,2026-05-25 00:00:37
2026-05-24 23:44:28,RELS170,0104,Chiara Graf,12,0,0,2026-05-25 00:00:37
2026-05-24 23:44:28,RELS170,0105,Chiara Graf,12,4,0,2026-05-25 00:00:37
2026-05-24 23:44:28,RELS170,0106,Chiara Graf,12,0,0,2026-05-25 00:00:37
2026-05-24 23:44:28,RELS170,0107,Chiara Graf,12,0,0,2026-05-25 00:00:37
2026-05-24 23:44:28,RELS170,0108,Chiara Graf,12,2,0,2026-05-25 00:00:37
2026-05-24 23:44:28,RELS170,0109,Chiara Graf,13,6,0,2026-05-25 00:00:37
2026-05-24 23:44:28,RELS219K,0101,Shay Hazkani,40,37,0,2026-05-25 00:00:38
2026-05-24 23:44:28,RELS225,0101,Instructor: TBA,25,8,0,2026-05-25 00:00:38
2026-05-24 23:44:28,RELS273,0101,Hayim Lapin,13,5,0,2026-05-25 00:00:38
2026-05-24 23:44:28,RELS273,0102,Hayim Lapin,13,7,0,2026-05-25 00:00:38
2026-05-24 23:44:28,RELS273,0103,Hayim Lapin,13,9,0,2026-05-25 00:00:38
2026-05-24 23:44:28,RELS273,0104,Hayim Lapin,23,23,0,2026-05-25 00:00:38
2026-05-24 23:44:28,RELS273,0105,Hayim Lapin,23,22,0,2026-05-25 00:00:38
2026-05-24 23:44:28,RELS273,0106,Hayim Lapin,23,23,0,2026-05-25 00:00:38
2026-05-24 23:44:28,RELS274,0101,Matthew Suriano,12,0,0,2026-05-25 00:00:38
2026-05-24 23:44:28,RELS274,0102,Matthew Suriano,12,0,0,2026-05-25 00:00:38
2026-05-24 23:44:28,RELS274,0103,Matthew Suriano,12,0,0,2026-05-25 00:00:38
2026-05-24 23:44:28,RELS274,0104,Matthew Suriano,12,0,0,2026-05-25 00:00:38
2026-05-24 23:44:28,RELS319Z,0101,Instructor: TBA,30,27,0,2026-05-25 00:00:38
2026-05-24 23:44:28,RELS341,0101,Janna Bianchini,27,0,5,2026-05-25 00:00:39
2026-05-24 23:44:28,RUSS101,0101,Inna Hardman,15,8,0,2026-05-25 00:00:40
2026-05-24 23:44:28,RUSS101,0201,Inna Hardman,15,9,0,2026-05-25 00:00:40
2026-05-24 23:44:28,RUSS201,0101,Zhanna Gerus-Vernola,15,10,0,2026-05-25 00:00:40
2026-05-24 23:44:28,RUSS301,0101,Izolda Savenkova,15,6,0,2026-05-25 00:00:40
2026-05-24 23:44:28,RUSS321,0101,Elizabeth Papazian,15,5,0,2026-05-25 00:00:41
2026-05-24 23:44:28,RUSS334,0101,Elizabeth Papazian,25,0,0,2026-05-25 00:00:41
2026-05-24 23:44:28,RUSS404,0101,Izolda Savenkova,15,7,0,2026-05-25 00:00:41
2026-05-24 23:44:28,SDSB123,0101,Brian Kim,25,16,0,2026-05-25 00:00:43
2026-05-24 23:44:28,SDSB180,0101,Brian Kim,180,164,0,2026-05-25 00:00:43
2026-05-24 23:44:28,SDSB233,0101,Jacob Coutts,25,13,0,2026-05-25 00:00:43
2026-05-24 23:44:28,SDSB233,0102,Jacob Coutts,25,16,0,2026-05-25 00:00:43
2026-05-24 23:44:28,SDSB233,0103,Jacob Coutts,25,19,0,2026-05-25 00:00:43
2026-05-24 23:44:28,SDSB326,0101,Jacob Coutts,50,30,0,2026-05-25 00:00:43
2026-05-24 23:44:28,SDSB340,0101,Neil Lund,40,7,0,2026-05-25 00:00:43
2026-05-24 23:44:28,SDSI414,0201,Maria Krupenkin,34,17,0,2026-05-25 00:00:45
2026-05-24 23:44:28,SDSI414,0202,Maria Krupenkin,34,0,4,2026-05-25 00:00:45
2026-05-24 23:44:28,SDSI492,0101,TJ Rainsford,50,20,0,2026-05-25 00:00:45
2026-05-24 23:44:28,SDSI492,0103,Mary Ann Francis,40,0,3,2026-05-25 00:00:45
2026-05-24 23:44:28,SDSI492,0104,TJ Rainsford,50,21,0,2026-05-25 00:00:45
2026-05-24 23:44:28,SDSI492,0106,Jesse Klein,50,0,5,2026-05-25 00:00:45
2026-05-24 23:44:28,SDSI492,0107,Connie Siebold,40,0,5,2026-05-25 00:00:45
2026-05-24 23:44:28,SDSI492,0110,Patrick Thornton,50,39,0,2026-05-25 00:00:45
2026-05-24 23:44:28,SLAA620,0101,Ekaterina Sudina,15,15,0,2026-05-25 00:00:46
2026-05-24 23:44:28,SLAA649R,0101,Nan Jiang,15,13,0,2026-05-25 00:00:46
2026-05-24 23:44:28,SLAA749B,0101,Ekaterina Sudina,15,13,0,2026-05-25 00:00:47
2026-05-24 23:44:28,SLAA759L,0101,Bronson Hui,15,10,0,2026-05-25 00:00:47
2026-05-24 23:44:28,SLLC108J,0101,Instructor: TBA,5,4,0,2026-05-25 00:00:49
2026-05-24 23:44:28,SLLC108W,0101,Instructor: TBA,5,5,0,2026-05-25 00:00:49
2026-05-24 23:44:28,SLLC200,0101,Chris Lewis,30,7,0,2026-05-25 00:00:49
2026-05-24 23:44:28,SLLC286,0101,Andrew Schonebaum,36,15,0,2026-05-25 00:00:50
2026-05-24 23:44:28,SLLC309,0101,Ahmed Hanafy,10,10,0,2026-05-25 00:00:50
2026-05-24 23:44:28,SLLC309,0102,Ahmed Hanafy,10,8,0,2026-05-25 00:00:50
2026-05-24 23:44:28,SLLC309,0103,Ahmed Hanafy,10,8,0,2026-05-25 00:00:50
2026-05-24 23:44:28,SLLC309,0104,Ahmed Hanafy,10,6,0,2026-05-25 00:00:50
2026-05-24 23:44:28,SLLC309,0105,Ahmed Hanafy,10,7,0,2026-05-25 00:00:50
2026-05-24 23:44:28,SLLC309,0106,Ahmed Hanafy,10,9,0,2026-05-25 00:00:50
2026-05-24 23:44:28,SLLC309,0107,Ahmed Hanafy,10,8,0,2026-05-25 00:00:50
2026-05-24 23:44:28,SLLC309,0108,Ahmed Hanafy,10,10,0,2026-05-25 00:00:50
2026-05-24 23:44:28,SLLC309,0109,Ahmed Hanafy,10,7,0,2026-05-25 00:00:50
2026-05-24 23:44:28,SLLC309,0110,Ahmed Hanafy,10,4,0,2026-05-25 00:00:50
2026-05-24 23:44:28,SLLC309,0111,Ahmed Hanafy,10,10,0,2026-05-25 00:00:50
2026-05-24 23:44:28,SLLC329,0101,Marilyn Matar,12,0,0,2026-05-25 00:00:50
2026-05-24 23:44:28,SLLC329,0102,Marilyn Matar,10,5,0,2026-05-25 00:00:50
2026-05-24 23:44:28,SLLC329,0103,Marilyn Matar,20,9,0,2026-05-25 00:00:50
2026-05-24 23:44:28,SLLC329,0104,Marilyn Matar,10,7,0,2026-05-25 00:00:50
2026-05-24 23:44:28,SLLC329,0105,Marilyn Matar,10,10,0,2026-05-25 00:00:50
2026-05-24 23:44:28,SLLC329,0106,Marilyn Matar,10,6,0,2026-05-25 00:00:50
2026-05-24 23:44:28,SLLC329,0107,Marilyn Matar,10,9,0,2026-05-25 00:00:50
2026-05-24 23:44:28,SLLC329,0108,Marilyn Matar,10,8,0,2026-05-25 00:00:50
2026-05-24 23:44:28,SLLC329,0109,Marilyn Matar,10,7,0,2026-05-25 00:00:50
2026-05-24 23:44:28,SLLC329,0110,Marilyn Matar,20,11,0,2026-05-25 00:00:50
2026-05-24 23:44:28,SLLC350,0101,Michele Mason,30,26,0,2026-05-25 00:00:50
2026-05-24 23:44:28,SMLP470,0101,Brooke Smith,45,45,0,2026-05-25 00:00:51
2026-05-24 23:44:28,SMLP472,0101,Sara Herald,60,26,0,2026-05-25 00:00:51
2026-05-24 23:44:28,SOCY100,0101,Amy McLaughlin,72,30,0,2026-05-25 00:00:53
2026-05-24 23:44:28,SOCY100,0201,Philip Cohen,66,37,0,2026-05-25 00:00:53
2026-05-24 23:44:28,SOCY100,0301,Jennifer Ashlock,63,31,0,2026-05-25 00:00:53
2026-05-24 23:44:28,SOCY100,0501,Julia Chuang,66,41,0,2026-05-25 00:00:53
2026-05-24 23:44:28,SOCY100,0601,Kris Marsh,66,0,0,2026-05-25 00:00:53
2026-05-24 23:44:28,SOCY100,FC01,Christopher Tamborini,32,16,0,2026-05-25 00:00:53
2026-05-24 23:44:28,SOCY100,FC02,Christopher Tamborini,32,0,0,2026-05-25 00:00:53
2026-05-24 23:44:28,SOCY105,0101,Christopher Malackany,21,17,0,2026-05-25 00:00:53
2026-05-24 23:44:28,SOCY105,0201,Christopher Malackany,21,5,0,2026-05-25 00:00:53
2026-05-24 23:44:28,SOCY200,0101,Jeffrey Parsells-Johnson,72,50,0,2026-05-25 00:00:53
2026-05-24 23:44:28,SOCY201,0101,Meredith Kleykamp,20,5,0,2026-05-25 00:00:53
2026-05-24 23:44:28,SOCY201,0102,Meredith Kleykamp,20,0,1,2026-05-25 00:00:53
2026-05-24 23:44:28,SOCY202,0101,Katharine Khanna,18,4,0,2026-05-25 00:00:54
2026-05-24 23:44:28,SOCY202,0102,Katharine Khanna,18,12,0,2026-05-25 00:00:54
2026-05-24 23:44:28,SOCY203,0101,Brian Connor,78,27,0,2026-05-25 00:00:54
2026-05-24 23:44:28,SOCY223,0101,Jeffrey Lucas,72,8,0,2026-05-25 00:00:54
2026-05-24 23:44:28,SOCY224,0101,Dawn Dow,30,21,0,2026-05-25 00:00:54
2026-05-24 23:44:28,SOCY224,0201,Wayne Santoro,30,14,0,2026-05-25 00:00:54
2026-05-24 23:44:28,SOCY227,0101,Christopher Malackany,30,0,1,2026-05-25 00:00:54
2026-05-24 23:44:28,SOCY230,0101,Jeffrey Lucas,120,58,0,2026-05-25 00:00:54
2026-05-24 23:44:28,SOCY237,0101,Brian Connor,60,21,0,2026-05-25 00:00:55
2026-05-24 23:44:28,SOCY241,0101,Collin Mueller,60,0,4,2026-05-25 00:00:55
2026-05-24 23:44:28,SOCY241,0201,Roberto Korzeniewicz,60,3,0,2026-05-25 00:00:55
2026-05-24 23:44:28,SOCY245,0101,Philip Cohen,60,53,0,2026-05-25 00:00:55
2026-05-24 23:44:28,SOCY320,0101,Cecily Jackson,25,0,2,2026-05-25 00:00:55
2026-05-24 23:44:28,SOCY322,0101,Julie Park,30,1,0,2026-05-25 00:00:55
2026-05-24 23:44:28,SOCY335,0101,Jennifer Ashlock,54,21,0,2026-05-25 00:00:55
2026-05-24 23:44:28,SOCY340,0101,Julia Chuang,18,1,0,2026-05-25 00:00:56
2026-05-24 23:44:28,SOCY380,0101,Nicole De Loatch,5,4,0,2026-05-25 00:00:56
2026-05-24 23:44:28,SOCY410,0101,Liana Sayer,25,17,0,2026-05-25 00:00:57
2026-05-24 23:44:28,SOCY424,0101,Dawn Dow,29,20,0,2026-05-25 00:00:57
2026-05-24 23:44:28,SOCY427,0101,Roberto Korzeniewicz,29,26,0,2026-05-25 00:00:57
2026-05-24 23:44:28,SOCY433,0101,Wayne Santoro,29,14,0,2026-05-25 00:00:57
2026-05-24 23:44:28,SOCY435,0101,Amelia Branigan,29,7,0,2026-05-25 00:00:57
2026-05-24 23:44:28,SOCY446,0101,Monica Caudillo,29,24,0,2026-05-25 00:00:58
2026-05-24 23:44:28,SOCY451,0101,Brian Connor,29,0,2,2026-05-25 00:00:58
2026-05-24 23:44:28,SOCY460,0101,Kris Marsh,29,15,0,2026-05-25 00:00:58
2026-05-24 23:44:28,SOCY462,0101,Jennifer Ashlock,29,21,0,2026-05-25 00:00:58
2026-05-24 23:44:28,SOCY463,0101,Jeffrey Parsells-Johnson,29,21,0,2026-05-25 00:00:58
2026-05-24 23:44:28,SOCY465,0101,Meyer Kestnbaum,29,12,0,2026-05-25 00:00:58
2026-05-24 23:44:28,SOCY466,0101,Jeffrey Parsells-Johnson,29,25,0,2026-05-25 00:00:59
2026-05-24 23:44:28,SOCY467,0101,Nicole De Loatch,29,10,0,2026-05-25 00:00:59
2026-05-24 23:44:28,SOCY470,0101,Monica Caudillo,29,10,0,2026-05-25 00:00:59
2026-05-24 23:44:28,SOCY601,0101,Amelia Branigan,20,19,0,2026-05-25 00:00:59
2026-05-24 23:44:28,SOCY610,0101,Collin Mueller,20,19,0,2026-05-25 00:00:59
2026-05-24 23:44:28,SOCY617,0101,Stanley Presser,10,5,0,2026-05-25 00:00:59
2026-05-24 23:44:28,SOCY621,0101,Meyer Kestnbaum,20,15,0,2026-05-25 00:01:00
2026-05-24 23:44:28,SOCY709,0101,Long Doan,20,12,0,2026-05-25 00:01:00
2026-05-24 23:44:28,SPAN103,0101,Instructor: TBA,18,5,0,2026-05-25 00:01:02
2026-05-24 23:44:28,SPAN103,0201,Instructor: TBA,18,0,0,2026-05-25 00:01:02
2026-05-24 23:44:28,SPAN103,0301,Instructor: TBA,18,10,0,2026-05-25 00:01:02
2026-05-24 23:44:28,SPAN103,0401,Instructor: TBA,18,10,0,2026-05-25 00:01:02
2026-05-24 23:44:28,SPAN103,0501,Instructor: TBA,18,15,0,2026-05-25 00:01:02
2026-05-24 23:44:28,SPAN203,0201,Instructor: TBA,20,9,0,2026-05-25 00:01:03
2026-05-24 23:44:28,SPAN203,0301,Instructor: TBA,20,0,1,2026-05-25 00:01:03
2026-05-24 23:44:28,SPAN203,0401,Instructor: TBA,20,0,0,2026-05-25 00:01:03
2026-05-24 23:44:28,SPAN203,0501,Instructor: TBA,20,5,0,2026-05-25 00:01:03
2026-05-24 23:44:28,SPAN203,0601,Instructor: TBA,20,11,0,2026-05-25 00:01:03
2026-05-24 23:44:28,SPAN203,FC01,Instructor: TBA,20,19,0,2026-05-25 00:01:03
2026-05-24 23:44:28,SPAN204,0101,Instructor: TBA,18,13,0,2026-05-25 00:01:03
2026-05-24 23:44:28,SPAN204,0201,Instructor: TBA,18,4,0,2026-05-25 00:01:03
2026-05-24 23:44:28,SPAN204,0301,Instructor: TBA,18,10,0,2026-05-25 00:01:03
2026-05-24 23:44:28,SPAN204,0401,Instructor: TBA,18,8,0,2026-05-25 00:01:03
2026-05-24 23:44:28,SPAN206,0101,Evelyn Canabal-Torres,18,15,0,2026-05-25 00:01:03
2026-05-24 23:44:28,SPAN207,0101,Instructor: TBA,18,11,0,2026-05-25 00:01:03
2026-05-24 23:44:28,SPAN207,0201,Instructor: TBA,18,6,0,2026-05-25 00:01:03
2026-05-24 23:44:28,SPAN207,0301,Instructor: TBA,18,10,0,2026-05-25 00:01:03
2026-05-24 23:44:28,SPAN207,0401,Instructor: TBA,18,10,0,2026-05-25 00:01:03
2026-05-24 23:44:28,SPAN207,0501,Instructor: TBA,18,0,0,2026-05-25 00:01:03
2026-05-24 23:44:28,SPAN234,0101,Francisco Barrenechea,30,0,1,2026-05-25 00:01:03
2026-05-24 23:44:28,SPAN234,0102,Jonathan Brower,25,0,0,2026-05-25 00:01:03
2026-05-24 23:44:28,SPAN234H,0101,Francisco Barrenechea,5,0,0,2026-05-25 00:01:03
2026-05-24 23:44:28,SPAN301,0101,Instructor: TBA,20,12,0,2026-05-25 00:01:04
2026-05-24 23:44:28,SPAN301,0201,Instructor: TBA,20,8,0,2026-05-25 00:01:04
2026-05-24 23:44:28,SPAN301,0301,Instructor: TBA,20,16,0,2026-05-25 00:01:04
2026-05-24 23:44:28,SPAN301,0401,Instructor: TBA,20,0,0,2026-05-25 00:01:04
2026-05-24 23:44:28,SPAN303,0101,Instructor: TBA,20,7,0,2026-05-25 00:01:04
2026-05-24 23:44:28,SPAN303,0201,Instructor: TBA,20,0,0,2026-05-25 00:01:04
2026-05-24 23:44:28,SPAN303,0301,Instructor: TBA,20,9,0,2026-05-25 00:01:04
2026-05-24 23:44:28,SPAN303,0401,Instructor: TBA,20,8,0,2026-05-25 00:01:04
2026-05-24 23:44:28,SPAN303,0501,Laura Demaria,20,16,0,2026-05-25 00:01:04
2026-05-24 23:44:28,SPAN306,0101,Evelyn Canabal-Torres,20,12,0,2026-05-25 00:01:04
2026-05-24 23:44:28,SPAN311,0101,Instructor: TBA,20,13,0,2026-05-25 00:01:04
2026-05-24 23:44:28,SPAN311,0201,Instructor: TBA,20,17,0,2026-05-25 00:01:04
2026-05-24 23:44:28,SPAN311,0301,Instructor: TBA,20,1,0,2026-05-25 00:01:04
2026-05-24 23:44:28,SPAN316,0201,Instructor: TBA,20,6,0,2026-05-25 00:01:04
2026-05-24 23:44:28,SPAN325,0101,Instructor: TBA,20,10,0,2026-05-25 00:01:04
2026-05-24 23:44:28,SPAN325,ESG1,Instructor: TBA,25,23,0,2026-05-25 00:01:04
2026-05-24 23:44:28,SPAN331,0101,Ginette Eldredge,20,14,0,2026-05-25 00:01:05
2026-05-24 23:44:28,SPAN333,0101,Mehl Penrose,20,4,0,2026-05-25 00:01:05
2026-05-24 23:44:28,SPAN359T,0101,Angela Pico Pinto,25,23,0,2026-05-25 00:01:05
2026-05-24 23:44:28,SPAN361,0101,Instructor: TBA,20,18,0,2026-05-25 00:01:05
2026-05-24 23:44:28,SPAN361,0201,Miguel Valerio,20,1,0,2026-05-25 00:01:05
2026-05-24 23:44:28,SPAN363,0101,Instructor: TBA,20,14,0,2026-05-25 00:01:06
2026-05-24 23:44:28,SPAN363,0201,Juan Quintero-Herencia,20,9,0,2026-05-25 00:01:06
2026-05-24 23:44:28,SPAN370,0101,Instructor: TBA,25,14,0,2026-05-25 00:01:06
2026-05-24 23:44:28,SPAN371,0101,Evelyn Canabal-Torres,25,13,0,2026-05-25 00:01:06
2026-05-24 23:44:28,SPAN372,0101,Jose Magro,25,18,0,2026-05-25 00:01:06
2026-05-24 23:44:28,SPAN374,0101,Ana Rodriguez,25,13,0,2026-05-25 00:01:06
2026-05-24 23:44:28,SPAN374,ESG1,Instructor: TBA,25,24,0,2026-05-25 00:01:06
2026-05-24 23:44:28,SPAN388W,0101,Thomas Earles,20,15,0,2026-05-25 00:01:07
2026-05-24 23:44:28,SPAN388W,2001,Thomas Earles,4,4,0,2026-05-25 00:01:07
2026-05-24 23:44:28,SPAN425,0101,Manel Lacorte,20,9,0,2026-05-25 00:01:07
2026-05-24 23:44:28,SPAN434,0101,Laura Demaria,20,19,0,2026-05-25 00:01:07
2026-05-24 23:44:28,SPAN456,0101,Mehl Penrose,20,14,0,2026-05-25 00:01:07
2026-05-24 23:44:28,SPAN476,0101,Ana Rodriguez,20,19,0,2026-05-25 00:01:07
2026-05-24 23:44:28,SPAN478D,0101,Elisa Gironzetti,20,15,0,2026-05-25 00:01:08
2026-05-24 23:44:28,SPAN605,0101,Jose Magro,10,10,0,2026-05-25 00:01:08
2026-05-24 23:44:28,SPAN611,0101,Elisa Gironzetti,20,15,0,2026-05-25 00:01:08
2026-05-24 23:44:28,SPAN611,PCQ1,Elisa Gironzetti,8,6,0,2026-05-25 00:01:08
2026-05-24 23:44:28,SPAN625,0101,Manel Lacorte,20,9,0,2026-05-25 00:01:08
2026-05-24 23:44:28,SPAN798A,0101,Miguel Valerio,10,10,0,2026-05-25 00:01:09
2026-05-24 23:44:28,SPAN798N,0101,Thayse Leal Lima,10,7,0,2026-05-25 00:01:09
2026-05-24 23:44:28,SPAN798V,0101,Juan Quintero-Herencia,10,10,0,2026-05-25 00:01:09
2026-05-24 23:44:28,SPHL100,0101,Shuling Wu,16,10,0,2026-05-25 00:01:11
2026-05-24 23:44:28,SPHL100,0102,Shuling Wu,16,3,0,2026-05-25 00:01:11
2026-05-24 23:44:28,SPHL100,0103,Shuling Wu,16,0,1,2026-05-25 00:01:11
2026-05-24 23:44:28,SPHL100,0104,Shuling Wu,16,0,0,2026-05-25 00:01:11
2026-05-24 23:44:28,SPHL100,0105,Shuling Wu,16,1,0,2026-05-25 00:01:11
2026-05-24 23:44:28,SPHL100,0106,Shuling Wu,16,1,0,2026-05-25 00:01:11
2026-05-24 23:44:28,SPHL100,0107,Shuling Wu,16,4,0,2026-05-25 00:01:11
2026-05-24 23:44:28,SPHL100,0108,Shuling Wu,16,14,0,2026-05-25 00:01:11
2026-05-24 23:44:28,SPHL100,0201,Shuling Wu,16,14,0,2026-05-25 00:01:11
2026-05-24 23:44:28,SPHL100,0202,Shuling Wu,16,10,0,2026-05-25 00:01:11
2026-05-24 23:44:28,SPHL100,0203,Shuling Wu,16,7,0,2026-05-25 00:01:11
2026-05-24 23:44:28,SPHL100,0204,Shuling Wu,16,0,0,2026-05-25 00:01:11
2026-05-24 23:44:28,SPHL100,0205,Shuling Wu,16,0,0,2026-05-25 00:01:11
2026-05-24 23:44:28,SPHL100,0206,Shuling Wu,16,10,0,2026-05-25 00:01:11
2026-05-24 23:44:28,SPHL100,0207,Shuling Wu,16,13,0,2026-05-25 00:01:11
2026-05-24 23:44:28,SPHL100,0208,Shuling Wu,16,10,0,2026-05-25 00:01:11
2026-05-24 23:44:28,SPHL100,FC01,Tracy Zeeger,30,0,3,2026-05-25 00:01:11
2026-05-24 23:44:28,SPHL246,0101,April Khaing,20,19,0,2026-05-25 00:01:11
2026-05-24 23:44:28,SPHL333,0101,Cynthia Kershaw,75,61,0,2026-05-25 00:01:11
2026-05-24 23:44:28,SPHL600,0101,Sylvette La Touche-Howard,12,8,0,2026-05-25 00:01:12
2026-05-24 23:44:28,SPHL600,PLP1,Sylvette La Touche-Howard,35,32,0,2026-05-25 00:01:12
2026-05-24 23:44:28,SPHL601,0101,Danielle Catona,90,78,0,2026-05-25 00:01:12
2026-05-24 23:44:28,SPHL601,PLB1,Danielle Catona,17,16,0,2026-05-25 00:01:12
2026-05-24 23:44:28,SPHL601,PLH1,Danielle Catona,27,21,0,2026-05-25 00:01:12
2026-05-24 23:44:28,SPHL601,PLK1,Danielle Catona,6,4,0,2026-05-25 00:01:12
2026-05-24 23:44:28,SPHL602,0101,Jamie Trevitt,94,84,0,2026-05-25 00:01:12
2026-05-24 23:44:28,SPHL602,PLB1,Jamie Trevitt,17,16,0,2026-05-25 00:01:12
2026-05-24 23:44:28,SPHL602,PLH1,Jamie Trevitt,27,20,0,2026-05-25 00:01:12
2026-05-24 23:44:28,SPHL602,PLK1,Jamie Trevitt,5,3,0,2026-05-25 00:01:12
2026-05-24 23:44:28,SPHL603,0101,Jamie Trevitt,24,17,0,2026-05-25 00:01:12
2026-05-24 23:44:28,SPHL603,0102,Jamie Trevitt,24,21,0,2026-05-25 00:01:12
2026-05-24 23:44:28,SPHL603,PLB1,Jamie Trevitt,17,16,0,2026-05-25 00:01:12
2026-05-24 23:44:28,SPHL603,PLH1,Jamie Trevitt,27,20,0,2026-05-25 00:01:12
2026-05-24 23:44:28,SPHL603,PLK1,Jamie Trevitt,5,3,0,2026-05-25 00:01:12
2026-05-24 23:44:28,SPHL612,0101,James Hagberg,12,10,0,2026-05-25 00:01:12
2026-05-24 23:44:28,SPHL620,0101,Danielle Catona,90,72,0,2026-05-25 00:01:12
2026-05-24 23:44:28,SPHL620,PLB1,Sherry Maykrantz,17,8,0,2026-05-25 00:01:12
2026-05-24 23:44:28,SPHL620,PLH1,Sherry Maykrantz,27,17,0,2026-05-25 00:01:12
2026-05-24 23:44:28,SPHL620,PLK1,Sherry Maykrantz,6,5,0,2026-05-25 00:01:12
2026-05-24 23:44:28,STAT100,0111,Matthew Griffin,30,18,0,2026-05-25 00:01:14
2026-05-24 23:44:28,STAT100,0112,Matthew Griffin,30,13,0,2026-05-25 00:01:14
2026-05-24 23:44:28,STAT100,0121,Matthew Griffin,30,21,0,2026-05-25 00:01:14
2026-05-24 23:44:28,STAT100,0122,Matthew Griffin,30,4,0,2026-05-25 00:01:14
2026-05-24 23:44:28,STAT100,0123,Matthew Griffin,30,18,0,2026-05-25 00:01:14
2026-05-24 23:44:28,STAT100,0124,Matthew Griffin,30,13,0,2026-05-25 00:01:14
2026-05-24 23:44:28,STAT100,0131,Matthew Griffin,30,23,0,2026-05-25 00:01:14
2026-05-24 23:44:28,STAT100,0141,Matthew Griffin,30,28,0,2026-05-25 00:01:14
2026-05-24 23:44:28,STAT100,0142,Matthew Griffin,30,27,0,2026-05-25 00:01:14
2026-05-24 23:44:28,STAT100,0211,Matthew Griffin,30,25,0,2026-05-25 00:01:14
2026-05-24 23:44:28,STAT100,0212,Matthew Griffin,30,18,0,2026-05-25 00:01:14
2026-05-24 23:44:28,STAT100,0221,Matthew Griffin,30,23,0,2026-05-25 00:01:14
2026-05-24 23:44:28,STAT100,0223,Matthew Griffin,30,18,0,2026-05-25 00:01:14
2026-05-24 23:44:28,STAT100,0224,Matthew Griffin,30,8,0,2026-05-25 00:01:14
2026-05-24 23:44:28,STAT100,0231,Matthew Griffin,30,26,0,2026-05-25 00:01:14
2026-05-24 23:44:28,STAT100,0311,Archana Khurana,30,25,0,2026-05-25 00:01:14
2026-05-24 23:44:28,STAT100,0312,Archana Khurana,30,18,0,2026-05-25 00:01:14
2026-05-24 23:44:28,STAT100,0321,Archana Khurana,30,21,0,2026-05-25 00:01:14
2026-05-24 23:44:28,STAT100,0322,Archana Khurana,30,20,0,2026-05-25 00:01:14
2026-05-24 23:44:28,STAT100,0323,Archana Khurana,30,14,0,2026-05-25 00:01:14
2026-05-24 23:44:28,STAT100,0341,Archana Khurana,30,20,0,2026-05-25 00:01:14
2026-05-24 23:44:28,STAT100,FC01,Matthew Griffin,28,0,0,2026-05-25 00:01:14
2026-05-24 23:44:28,STAT100,FC02,Matthew Griffin,28,1,0,2026-05-25 00:01:14
2026-05-24 23:44:28,STAT110,0101,Susan Mazzullo,250,58,0,2026-05-25 00:01:14
2026-05-24 23:44:28,STAT386,2801,Instructor: TBA,10,10,0,2026-05-25 00:01:14
2026-05-24 23:44:28,STAT386,3903,Instructor: TBA,10,10,0,2026-05-25 00:01:14
2026-05-24 23:44:28,STAT386,5001,Instructor: TBA,10,10,0,2026-05-25 00:01:14
2026-05-24 23:44:28,STAT400,0111,Salman Safdar,27,21,0,2026-05-25 00:01:14
2026-05-24 23:44:28,STAT400,0112,Salman Safdar,27,20,0,2026-05-25 00:01:14
2026-05-24 23:44:28,STAT400,0121,Salman Safdar,27,25,0,2026-05-25 00:01:14
2026-05-24 23:44:28,STAT400,0122,Salman Safdar,27,26,0,2026-05-25 00:01:14
2026-05-24 23:44:28,STAT400,0131,Salman Safdar,27,24,0,2026-05-25 00:01:14
2026-05-24 23:44:28,STAT400,0132,Salman Safdar,27,27,0,2026-05-25 00:01:14
2026-05-24 23:44:28,STAT400,0211,Timothy Pilachowski,27,19,0,2026-05-25 00:01:14
2026-05-24 23:44:28,STAT400,0212,Timothy Pilachowski,27,17,0,2026-05-25 00:01:14
2026-05-24 23:44:28,STAT400,0221,Timothy Pilachowski,27,0,0,2026-05-25 00:01:14
2026-05-24 23:44:28,STAT400,0222,Timothy Pilachowski,27,6,0,2026-05-25 00:01:14
2026-05-24 23:44:28,STAT400,0231,Timothy Pilachowski,27,0,0,2026-05-25 00:01:14
2026-05-24 23:44:28,STAT400,0232,Timothy Pilachowski,27,0,0,2026-05-25 00:01:14
2026-05-24 23:44:28,STAT400,0311,Mestiyage Gunatilleka,27,0,10,2026-05-25 00:01:14
2026-05-24 23:44:28,STAT400,0312,Mestiyage Gunatilleka,30,0,8,2026-05-25 00:01:14
2026-05-24 23:44:28,STAT400,0321,Mestiyage Gunatilleka,32,0,10,2026-05-25 00:01:14
2026-05-24 23:44:28,STAT400,0322,Mestiyage Gunatilleka,30,0,10,2026-05-25 00:01:14
2026-05-24 23:44:28,STAT400,0331,Mestiyage Gunatilleka,32,0,15,2026-05-25 00:01:14
2026-05-24 23:44:28,STAT400,0332,Mestiyage Gunatilleka,30,0,15,2026-05-25 00:01:14
2026-05-24 23:44:28,STAT400,0511,Shixin Zheng,35,0,5,2026-05-25 00:01:14
2026-05-24 23:44:28,STAT400,0521,Shixin Zheng,35,0,5,2026-05-25 00:01:14
2026-05-24 23:44:28,STAT400,0531,Shixin Zheng,35,0,5,2026-05-25 00:01:14
2026-05-24 23:44:28,STAT401,0111,Hatice Sahinoglu,30,25,0,2026-05-25 00:01:15
2026-05-24 23:44:28,STAT401,0112,Hatice Sahinoglu,30,28,0,2026-05-25 00:01:15
2026-05-24 23:44:28,STAT401,0113,Hatice Sahinoglu,30,2,0,2026-05-25 00:01:15
2026-05-24 23:44:28,STAT401,0211,Hatice Sahinoglu,29,1,0,2026-05-25 00:01:15
2026-05-24 23:44:28,STAT401,0212,Hatice Sahinoglu,29,25,0,2026-05-25 00:01:15
2026-05-24 23:44:28,STAT401,0213,Hatice Sahinoglu,29,4,0,2026-05-25 00:01:15
2026-05-24 23:44:28,STAT410,0101,Ron Peled,30,0,0,2026-05-25 00:01:15
2026-05-24 23:44:28,STAT410,0201,Instructor: TBA,30,8,0,2026-05-25 00:01:15
2026-05-24 23:44:28,STAT410,0301,Mestiyage Gunatilleka,30,0,4,2026-05-25 00:01:15
2026-05-24 23:44:28,STAT410,0401,Sandra Cerrai,30,0,0,2026-05-25 00:01:15
2026-05-24 23:44:28,STAT410,0501,Instructor: TBA,30,1,0,2026-05-25 00:01:15
2026-05-24 23:44:28,STAT410,0601,Anna Szczekutowicz,30,0,2,2026-05-25 00:01:15
2026-05-24 23:44:28,STAT410,0701,Hatice Sahinoglu,30,0,0,2026-05-25 00:01:15
2026-05-24 23:44:28,STAT420,0201,Joan Ren,30,23,0,2026-05-25 00:01:15
2026-05-24 23:44:28,STAT426,0101,Maria Cameron,30,11,0,2026-05-25 00:01:15
2026-05-24 23:44:28,STAT430,0101,Natalia Tchetcherina,30,11,0,2026-05-25 00:01:15
2026-05-24 23:44:28,STAT430,0201,Timothy Pilachowski,30,0,3,2026-05-25 00:01:15
2026-05-24 23:44:28,STAT430,0301,Natalia Tchetcherina,30,13,0,2026-05-25 00:01:15
2026-05-24 23:44:28,STAT430,0401,Christine Nickel,30,10,0,2026-05-25 00:01:15
2026-05-24 23:44:28,STAT440,0201,Lizhen Lin,30,2,0,2026-05-25 00:01:15
2026-05-24 23:44:28,STAT464,0101,Raluca Rosca,30,27,0,2026-05-25 00:01:16
2026-05-24 23:44:28,STAT470,0101,Natalia Tchetcherina,30,19,0,2026-05-25 00:01:16
2026-05-24 23:44:28,STAT470,0201,Matthew Griffin,30,0,15,2026-05-25 00:01:16
2026-05-24 23:44:28,STAT600,0101,Arka Adhikari,30,20,0,2026-05-25 00:01:16
2026-05-24 23:44:28,STAT610,0101,Yu Gu,30,23,0,2026-05-25 00:01:16
2026-05-24 23:44:28,STAT700,0101,Takumi Saegusa,18,17,0,2026-05-25 00:01:17
2026-05-24 23:44:28,STAT705,0101,Vincent Lyzinski,22,14,0,2026-05-25 00:01:17
2026-05-24 23:44:28,STAT712,0101,Yun Yang,30,22,0,2026-05-25 00:01:17
2026-05-24 23:44:28,STAT740,0101,Yun Yang,25,24,0,2026-05-25 00:01:17
2026-05-24 23:44:28,STAT818R,0101,Eric Slud,20,18,0,2026-05-25 00:01:18
2026-05-24 23:44:28,SURV400,PLS1,Joao Areal Neto,20,16,0,2026-05-25 00:01:19
2026-05-24 23:44:28,SURV410,0101,Ron Peled,30,0,0,2026-05-25 00:01:20
2026-05-24 23:44:28,SURV410,0201,Instructor: TBA,30,8,0,2026-05-25 00:01:20
2026-05-24 23:44:28,SURV410,0301,Mestiyage Gunatilleka,30,0,4,2026-05-25 00:01:20
2026-05-24 23:44:28,SURV410,0501,Instructor: TBA,30,1,0,2026-05-25 00:01:20
2026-05-24 23:44:28,SURV410,0601,Anna Szczekutowicz,30,0,2,2026-05-25 00:01:20
2026-05-24 23:44:28,SURV612,PLS1,Ruben Bach,20,18,0,2026-05-25 00:01:20
2026-05-24 23:44:28,SURV615,0101,Sunghee Lee,20,20,0,2026-05-25 00:01:20
2026-05-24 23:44:28,SURV615,PCA1,Sunghee Lee,10,3,0,2026-05-25 00:01:20
2026-05-24 23:44:28,SURV617,0101,John Kubale,20,19,0,2026-05-25 00:01:20
2026-05-24 23:44:28,SURV621,0101,Christopher Antoun,25,24,0,2026-05-25 00:01:20
2026-05-24 23:44:28,SURV626,PLS1,Raphael Nishimura,15,11,0,2026-05-25 00:01:20
2026-05-24 23:44:28,SURV626,PLS2,Raphael Nishimura,15,15,0,2026-05-25 00:01:20
2026-05-24 23:44:28,SURV627,PLS1,Stephanie Coffey,15,13,0,2026-05-25 00:01:21
2026-05-24 23:44:28,SURV632,0101,Aaron Maitland,15,14,0,2026-05-25 00:01:21
2026-05-24 23:44:28,SURV665,PLS1,Alexandru Cernat,15,13,0,2026-05-25 00:01:21
2026-05-24 23:44:28,SURV667,PLS1,Fiona Draxler,15,14,0,2026-05-25 00:01:21
2026-05-24 23:44:28,SURV699,0101,Partha Lahiri,10,10,0,2026-05-25 00:01:21
2026-05-24 23:44:28,SURV699,0301,Stanley Presser,10,10,0,2026-05-25 00:01:21
2026-05-24 23:44:28,SURV699,0401,Frauke Kreuter,2,2,0,2026-05-25 00:01:21
2026-05-24 23:44:28,SURV720,0101,Sharan Sharma,20,20,0,2026-05-25 00:01:21
2026-05-24 23:44:28,SURV726,PLS1,Joerg Drechsler,15,12,0,2026-05-25 00:01:22
2026-05-24 23:44:28,SURV727,0101,Brian Kim,20,18,0,2026-05-25 00:01:22
2026-05-24 23:44:28,SURV727,PCA1,Brian Kim,15,8,0,2026-05-25 00:01:22
2026-05-24 23:44:28,SURV740,0101,Yan Li,20,19,0,2026-05-25 00:01:22
2026-05-24 23:44:28,SURV752,PLS1,Olga Kononykhina,15,11,0,2026-05-25 00:01:22
2026-05-24 23:44:28,SURV753,PLS1,Christoph Kern,15,13,0,2026-05-25 00:01:22
2026-05-24 23:44:28,SURV829,0101,Yajuan Si,10,10,0,2026-05-25 00:01:23
2026-05-24 23:44:28,TDPS201,5501,Michael Driggers,25,12,0,2026-05-25 00:01:24
2026-05-24 23:44:28,TDPS240,0101,Instructor: TBA,15,0,0,2026-05-25 00:01:24
2026-05-24 23:44:28,TDPS358T,5501,Andrew Cissna,10,8,0,2026-05-25 00:01:24
2026-05-24 23:44:28,TDPS441,0101,Kate Keeney,4,1,0,2026-05-25 00:01:25
2026-05-24 23:44:28,TDPS469,0101,Jennifer Schwartz,8,8,0,2026-05-25 00:01:25
2026-05-24 23:44:28,TDPS479,1001,Andrew Cissna,25,25,0,2026-05-25 00:01:25
2026-05-24 23:44:28,TDPS479,1002,Andrew Cissna,15,15,0,2026-05-25 00:01:25
2026-05-24 23:44:28,TDPS479,1003,Andrew Cissna,15,15,0,2026-05-25 00:01:25
2026-05-24 23:44:28,TDPS479,1004,Andrew Cissna,15,15,0,2026-05-25 00:01:25
2026-05-24 23:44:28,TDPS479,1005,Andrew Cissna,60,60,0,2026-05-25 00:01:25
2026-05-24 23:44:28,TDPS479,2001,Andrew Cissna,15,15,0,2026-05-25 00:01:25
2026-05-24 23:44:28,TDPS640,0101,Kate Keeney,4,1,0,2026-05-25 00:01:25
2026-05-24 23:44:28,THET110,0201,Faedra Carpenter,36,11,0,2026-05-25 00:01:27
2026-05-24 23:44:28,THET116,5501,Instructor: TBA,20,11,0,2026-05-25 00:01:27
2026-05-24 23:44:28,THET120,5501,Lindsey Snyder,12,0,6,2026-05-25 00:01:27
2026-05-24 23:44:28,THET222,5501,Jennifer  Newsham,14,2,0,2026-05-25 00:01:27
2026-05-24 23:44:28,THET223,0101,Caitlin Marshall,25,16,0,2026-05-25 00:01:27
2026-05-24 23:44:28,THET228A,5501,Fatima Quander,12,2,0,2026-05-25 00:01:27
2026-05-24 23:44:28,THET240,5501,Jennifer  Newsham,4,0,0,2026-05-25 00:01:28
2026-05-24 23:44:28,THET251,0101,Courtney Lau,15,0,0,2026-05-25 00:01:28
2026-05-24 23:44:28,THET251,0102,Courtney Lau,15,0,0,2026-05-25 00:01:28
2026-05-24 23:44:28,THET251,FC01,Instructor: TBA,18,2,0,2026-05-25 00:01:28
2026-05-24 23:44:28,THET274,0101,Jennifer Schwartz,10,4,0,2026-05-25 00:01:28
2026-05-24 23:44:28,THET285,0101,Instructor: TBA,25,0,1,2026-05-25 00:01:28
2026-05-24 23:44:28,THET285,0102,Instructor: TBA,25,0,0,2026-05-25 00:01:28
2026-05-24 23:44:28,THET285,FC01,Instructor: TBA,22,14,0,2026-05-25 00:01:28
2026-05-24 23:44:28,THET285,FC02,Instructor: TBA,22,14,0,2026-05-25 00:01:28
2026-05-24 23:44:28,THET285,FC03,Instructor: TBA,22,15,0,2026-05-25 00:01:28
2026-05-24 23:44:28,THET285,FC04,Instructor: TBA,22,14,0,2026-05-25 00:01:28
2026-05-24 23:44:28,THET286,0101,Instructor: TBA,5,5,0,2026-05-25 00:01:28
2026-05-24 23:44:28,THET286,0210,Instructor: TBA,5,5,0,2026-05-25 00:01:28
2026-05-24 23:44:28,THET286,0301,Instructor: TBA,5,5,0,2026-05-25 00:01:28
2026-05-24 23:44:28,THET286,0401,Instructor: TBA,5,5,0,2026-05-25 00:01:28
2026-05-24 23:44:28,THET286,0501,Instructor: TBA,5,5,0,2026-05-25 00:01:28
2026-05-24 23:44:28,THET286,0601,Instructor: TBA,5,5,0,2026-05-25 00:01:28
2026-05-24 23:44:28,THET286,0901,Instructor: TBA,5,5,0,2026-05-25 00:01:28
2026-05-24 23:44:28,THET286,1301,Instructor: TBA,5,5,0,2026-05-25 00:01:28
2026-05-24 23:44:28,THET286,1501,Instructor: TBA,5,5,0,2026-05-25 00:01:28
2026-05-24 23:44:28,THET286,1601,Instructor: TBA,5,5,0,2026-05-25 00:01:28
2026-05-24 23:44:28,THET286,1701,Instructor: TBA,5,5,0,2026-05-25 00:01:28
2026-05-24 23:44:28,THET286,1801,Instructor: TBA,5,5,0,2026-05-25 00:01:28
2026-05-24 23:44:28,THET286,2001,Instructor: TBA,5,5,0,2026-05-25 00:01:28
2026-05-24 23:44:28,THET286,2003,Instructor: TBA,5,5,0,2026-05-25 00:01:28
2026-05-24 23:44:28,THET286,2005,Instructor: TBA,5,5,0,2026-05-25 00:01:28
2026-05-24 23:44:28,THET286,2007,Instructor: TBA,5,5,0,2026-05-25 00:01:28
2026-05-24 23:44:28,THET293,0101,Instructor: TBA,15,2,0,2026-05-25 00:01:28
2026-05-24 23:44:28,THET310,5501,Instructor: TBA,12,0,2,2026-05-25 00:01:29
2026-05-24 23:44:28,THET324,5501,Lindsey Snyder,12,0,0,2026-05-25 00:01:29
2026-05-24 23:44:28,THET330,5501,KenYatta Rogers,12,0,0,2026-05-25 00:01:29
2026-05-24 23:44:28,THET340,5501,Jennifer  Newsham,8,0,0,2026-05-25 00:01:29
2026-05-24 23:44:28,THET351,5501,Lisa Nathans,12,5,0,2026-05-25 00:01:29
2026-05-24 23:44:28,THET371,5501,Sarah Hall,10,1,0,2026-05-25 00:01:29
2026-05-24 23:44:28,THET380,5501,Samuel Crawford,10,0,0,2026-05-25 00:01:30
2026-05-24 23:44:28,THET385,5501,Kelly Colburn,10,8,0,2026-05-25 00:01:30
2026-05-24 23:44:28,THET386,0101,Instructor: TBA,5,5,0,2026-05-25 00:01:30
2026-05-24 23:44:28,THET386,0201,Instructor: TBA,5,5,0,2026-05-25 00:01:30
2026-05-24 23:44:28,THET386,0301,Instructor: TBA,5,5,0,2026-05-25 00:01:30
2026-05-24 23:44:28,THET386,0401,Instructor: TBA,5,5,0,2026-05-25 00:01:30
2026-05-24 23:44:28,THET386,0501,Instructor: TBA,5,5,0,2026-05-25 00:01:30
2026-05-24 23:44:28,THET386,0601,Instructor: TBA,5,5,0,2026-05-25 00:01:30
2026-05-24 23:44:28,THET386,0801,Instructor: TBA,5,5,0,2026-05-25 00:01:30
2026-05-24 23:44:28,THET386,0901,Instructor: TBA,5,5,0,2026-05-25 00:01:30
2026-05-24 23:44:28,THET386,1101,Misha Kachman,5,5,0,2026-05-25 00:01:30
2026-05-24 23:44:28,THET386,1301,Instructor: TBA,5,5,0,2026-05-25 00:01:30
2026-05-24 23:44:28,THET386,1501,Lisa Nathans,5,5,0,2026-05-25 00:01:30
2026-05-24 23:44:28,THET386,1601,Instructor: TBA,5,5,0,2026-05-25 00:01:30
2026-05-24 23:44:28,THET386,1701,Instructor: TBA,5,5,0,2026-05-25 00:01:30
2026-05-24 23:44:28,THET386,1801,Instructor: TBA,5,5,0,2026-05-25 00:01:30
2026-05-24 23:44:28,THET386,2001,Instructor: TBA,5,5,0,2026-05-25 00:01:30
2026-05-24 23:44:28,THET386,2002,Instructor: TBA,3,3,0,2026-05-25 00:01:30
2026-05-24 23:44:28,THET386,2003,Jennifer Schwartz,5,5,0,2026-05-25 00:01:30
2026-05-24 23:44:28,THET386,2005,Instructor: TBA,5,5,0,2026-05-25 00:01:30
2026-05-24 23:44:28,THET386,2007,Instructor: TBA,5,5,0,2026-05-25 00:01:30
2026-05-24 23:44:28,THET386,2009,Instructor: TBA,5,5,0,2026-05-25 00:01:30
2026-05-24 23:44:28,THET390,0101,Carla Della Gatta,25,0,2,2026-05-25 00:01:30
2026-05-24 23:44:28,THET399,0102,Samuel Crawford,5,5,0,2026-05-25 00:01:30
2026-05-24 23:44:28,THET399,0201,Instructor: TBA,5,5,0,2026-05-25 00:01:30
2026-05-24 23:44:28,THET399,0301,Instructor: TBA,5,5,0,2026-05-25 00:01:30
2026-05-24 23:44:28,THET399,0401,Instructor: TBA,5,5,0,2026-05-25 00:01:30
2026-05-24 23:44:28,THET399,0501,Fatima Quander,5,5,0,2026-05-25 00:01:30
2026-05-24 23:44:28,THET399,0601,Instructor: TBA,5,5,0,2026-05-25 00:01:30
2026-05-24 23:44:28,THET399,0701,Jennifer  Newsham,5,5,0,2026-05-25 00:01:30
2026-05-24 23:44:28,THET399,0801,Instructor: TBA,5,5,0,2026-05-25 00:01:30
2026-05-24 23:44:28,THET399,0901,Instructor: TBA,5,5,0,2026-05-25 00:01:30
2026-05-24 23:44:28,THET399,1101,Misha Kachman,5,5,0,2026-05-25 00:01:30
2026-05-24 23:44:28,THET399,1301,Amith Chandrashaker,5,5,0,2026-05-25 00:01:30
2026-05-24 23:44:28,THET399,1401,Caitlin Marshall,5,5,0,2026-05-25 00:01:30
2026-05-24 23:44:28,THET399,1501,Lisa Nathans,5,4,0,2026-05-25 00:01:30
2026-05-24 23:44:28,THET399,1601,Instructor: TBA,5,5,0,2026-05-25 00:01:30
2026-05-24 23:44:28,THET399,1701,Ivania Stack,5,5,0,2026-05-25 00:01:30
2026-05-24 23:44:28,THET399,1801,Andrew Cissna,5,5,0,2026-05-25 00:01:30
2026-05-24 23:44:28,THET399,2001,Instructor: TBA,5,5,0,2026-05-25 00:01:30
2026-05-24 23:44:28,THET399,2002,KenYatta Rogers,5,5,0,2026-05-25 00:01:30
2026-05-24 23:44:28,THET399,2003,Jennifer Schwartz,5,5,0,2026-05-25 00:01:30
2026-05-24 23:44:28,THET399,2005,Instructor: TBA,5,5,0,2026-05-25 00:01:30
2026-05-24 23:44:28,THET399,2007,Instructor: TBA,5,5,0,2026-05-25 00:01:30
2026-05-24 23:44:28,THET399,2009,Instructor: TBA,5,5,0,2026-05-25 00:01:30
2026-05-24 23:44:28,THET411,5501,Lisa Nathans,12,6,0,2026-05-25 00:01:31
2026-05-24 23:44:28,THET425,5501,Fatima Quander,12,6,0,2026-05-25 00:01:31
2026-05-24 23:44:28,THET471,5501,Instructor: TBA,2,1,0,2026-05-25 00:01:31
2026-05-24 23:44:28,THET473,5501,Ivania Stack,3,3,0,2026-05-25 00:01:31
2026-05-24 23:44:28,THET475,0101,Instructor: TBA,6,6,0,2026-05-25 00:01:31
2026-05-24 23:44:28,THET477,5501,Amith Chandrashaker,3,3,0,2026-05-25 00:01:31
2026-05-24 23:44:28,THET480,5501,Samuel Crawford,10,10,0,2026-05-25 00:01:32
2026-05-24 23:44:28,THET481,5501,Andrew Cissna,3,1,0,2026-05-25 00:01:32
2026-05-24 23:44:28,THET489B,0101,Caitlin Marshall,15,4,0,2026-05-25 00:01:32
2026-05-24 23:44:28,THET499B,5501,Susan O'Neill,6,5,0,2026-05-25 00:01:32
2026-05-24 23:44:28,THET600,0101,Carla Della Gatta,12,12,0,2026-05-25 00:01:32
2026-05-24 23:44:28,THET606,0101,Misha Kachman,7,7,0,2026-05-25 00:01:33
2026-05-24 23:44:28,THET606,0102,Faedra Carpenter,18,18,0,2026-05-25 00:01:33
2026-05-24 23:44:28,THET608C,0101,Jill Bradbury,10,8,0,2026-05-25 00:01:33
2026-05-24 23:44:28,THET619O,5501,Amith Chandrashaker,10,9,0,2026-05-25 00:01:33
2026-05-24 23:44:28,THET619V,0101,Sarah Hall,8,7,0,2026-05-25 00:01:33
2026-05-24 23:44:28,THET633,5501,Susan O'Neill,10,5,0,2026-05-25 00:01:33
2026-05-24 23:44:28,THET639,5501,Misha Kachman,10,9,0,2026-05-25 00:01:33
2026-05-24 23:44:28,THET645,5501,Ivania Stack,8,6,0,2026-05-25 00:01:34
2026-05-24 23:44:28,THET649,5501,Ivania Stack,6,5,0,2026-05-25 00:01:34
2026-05-24 23:44:28,THET659,5501,Amith Chandrashaker,6,6,0,2026-05-25 00:01:34
2026-05-24 23:44:28,THET669T,5501,Andrew Cissna,8,8,0,2026-05-25 00:01:34
2026-05-24 23:44:28,THET670,0101,Instructor: TBA,14,14,0,2026-05-25 00:01:34
2026-05-24 23:44:28,THET679,5501,Kelly Colburn,8,7,0,2026-05-25 00:01:35
2026-05-24 23:44:28,THET700,0101,Carla Della Gatta,12,12,0,2026-05-25 00:01:35
2026-05-24 23:44:28,THET713,0101,Courtney Lau,12,11,0,2026-05-25 00:01:35
2026-05-24 23:44:28,TLPL101,0101,Luis Royo Romero,24,15,0,2026-05-25 00:01:38
2026-05-24 23:44:28,TLPL101,0201,Khusbu Dalal,24,16,0,2026-05-25 00:01:38
2026-05-24 23:44:28,TLPL101,0301,Aaron Kyei-Asare,24,14,0,2026-05-25 00:01:38
2026-05-24 23:44:28,TLPL102,0101,Steven Karig,22,10,0,2026-05-25 00:01:38
2026-05-24 23:44:28,TLPL102,0201,Victoria Fernandez,24,17,0,2026-05-25 00:01:38
2026-05-24 23:44:28,TLPL155,0101,Justice Walker,16,15,0,2026-05-25 00:01:38
2026-05-24 23:44:28,TLPL206,0101,Wayne Slater,36,0,0,2026-05-25 00:01:38
2026-05-24 23:44:28,TLPL250,0101,Campbell Scribner,30,0,0,2026-05-25 00:01:38
2026-05-24 23:44:28,TLPL250,0201,Sarah Moore,30,13,0,2026-05-25 00:01:38
2026-05-24 23:44:28,TLPL250,0301,Instructor: TBA,30,20,0,2026-05-25 00:01:38
2026-05-24 23:44:28,TLPL250,0401,Instructor: TBA,30,16,0,2026-05-25 00:01:38
2026-05-24 23:44:28,TLPL251,0101,Instructor: TBA,12,0,1,2026-05-25 00:01:39
2026-05-24 23:44:28,TLPL251,0102,Instructor: TBA,12,9,0,2026-05-25 00:01:39
2026-05-24 23:44:28,TLPL251,0103,Instructor: TBA,12,0,3,2026-05-25 00:01:39
2026-05-24 23:44:28,TLPL253,0101,Sarah Moore,36,32,0,2026-05-25 00:01:39
2026-05-24 23:44:28,TLPL267,0101,Shannon Kane,54,40,0,2026-05-25 00:01:39
2026-05-24 23:44:28,TLPL288D,0101,Sharon Vanwright,115,115,0,2026-05-25 00:01:39
2026-05-24 23:44:28,TLPL305B,0101,Instructor: TBA,30,16,0,2026-05-25 00:01:40
2026-05-24 23:44:28,TLPL305B,0201,Instructor: TBA,28,17,0,2026-05-25 00:01:40
2026-05-24 23:44:28,TLPL305B,0301,Instructor: TBA,30,19,0,2026-05-25 00:01:40
2026-05-24 23:44:28,TLPL305M,0101,Instructor: TBA,20,13,0,2026-05-25 00:01:40
2026-05-24 23:44:28,TLPL312,0101,Beatriz Quintos Alonso,0,0,0,2026-05-25 00:01:40
2026-05-24 23:44:28,TLPL312,0201,Instructor: TBA,0,0,0,2026-05-25 00:01:40
2026-05-24 23:44:28,TLPL312,0301,Sara Kirschner,0,0,0,2026-05-25 00:01:40
2026-05-24 23:44:28,TLPL321,0101,Instructor: TBA,0,0,0,2026-05-25 00:01:40
2026-05-24 23:44:28,TLPL321,0201,Amy Green,0,0,0,2026-05-25 00:01:40
2026-05-24 23:44:28,TLPL321,0301,Instructor: TBA,0,0,0,2026-05-25 00:01:40
2026-05-24 23:44:28,TLPL340,0101,Reka Barton,22,10,0,2026-05-25 00:01:40
2026-05-24 23:44:28,TLPL340,0201,Ayanna Baccus,25,21,0,2026-05-25 00:01:40
2026-05-24 23:44:28,TLPL341,0101,Shannon Kane,24,15,0,2026-05-25 00:01:41
2026-05-24 23:44:28,TLPL341,0201,Margaret Peterson,20,14,0,2026-05-25 00:01:41
2026-05-24 23:44:28,TLPL341,0301,Shannon Kane,28,13,0,2026-05-25 00:01:41
2026-05-24 23:44:28,TLPL343,0101,Kerry Alexander,0,0,0,2026-05-25 00:01:41
2026-05-24 23:44:28,TLPL343,0201,Kerry Alexander,0,0,0,2026-05-25 00:01:41
2026-05-24 23:44:28,TLPL343,0301,Ayanna Baccus,0,0,0,2026-05-25 00:01:41
2026-05-24 23:44:28,TLPL360,0101,Instructor: TBA,30,26,0,2026-05-25 00:01:41
2026-05-24 23:44:28,TLPL360,0201,Keisha Allen,30,6,0,2026-05-25 00:01:41
2026-05-24 23:44:28,TLPL360,0301,Instructor: TBA,30,18,0,2026-05-25 00:01:41
2026-05-24 23:44:28,TLPL401,0101,Sarah Henson-Darko,24,22,0,2026-05-25 00:01:41
2026-05-24 23:44:28,TLPL401,0201,Dana Grosser-Clarkson,24,13,0,2026-05-25 00:01:41
2026-05-24 23:44:28,TLPL403,0101,Farhaana Nyamekye,24,21,0,2026-05-25 00:01:41
2026-05-24 23:44:28,TLPL413,0101,Instructor: TBA,25,25,0,2026-05-25 00:01:41
2026-05-24 23:44:28,TLPL414,0101,Anita Sanyal,24,17,0,2026-05-25 00:01:42
2026-05-24 23:44:28,TLPL420,0101,Justice Walker,0,0,0,2026-05-25 00:01:42
2026-05-24 23:44:28,TLPL423,0101,Angela Stoltz,0,0,0,2026-05-25 00:01:42
2026-05-24 23:44:28,TLPL425,0101,Sarah Henson-Darko,24,24,0,2026-05-25 00:01:42
2026-05-24 23:44:28,TLPL433,0101,Margaret Walker,19,9,0,2026-05-25 00:01:42
2026-05-24 23:44:28,TLPL436,0101,Margaret Walker,15,6,0,2026-05-25 00:01:42
2026-05-24 23:44:28,TLPL440,0101,Instructor: TBA,22,0,4,2026-05-25 00:01:43
2026-05-24 23:44:28,TLPL442,0101,Melinda Martin-Beltran,22,8,0,2026-05-25 00:01:43
2026-05-24 23:44:28,TLPL443,0101,Instructor: TBA,25,15,0,2026-05-25 00:01:43
2026-05-24 23:44:28,TLPL444,0101,Kellie Rolstad,15,6,0,2026-05-25 00:01:43
2026-05-24 23:44:28,TLPL445,0101,Antonio Perez Belda,15,12,0,2026-05-25 00:01:43
2026-05-24 23:44:28,TLPL446,0101,Xinhang Hu,0,0,0,2026-05-25 00:01:43
2026-05-24 23:44:28,TLPL446,0201,Kellie Rolstad,0,0,0,2026-05-25 00:01:43
2026-05-24 23:44:28,TLPL446,0301,Sarah Moore,0,0,0,2026-05-25 00:01:43
2026-05-24 23:44:28,TLPL447,0101,Katherine Coogan,18,14,0,2026-05-25 00:01:44
2026-05-24 23:44:28,TLPL450,0101,Antonio Perez Belda,5,2,0,2026-05-25 00:01:44
2026-05-24 23:44:28,TLPL451,0101,Peggy Wilson,25,16,0,2026-05-25 00:01:44
2026-05-24 23:44:28,TLPL456,0101,Wayne Slater,25,22,0,2026-05-25 00:01:44
2026-05-24 23:44:28,TLPL457,0101,Margaret Peterson,30,20,0,2026-05-25 00:01:44
2026-05-24 23:44:28,TLPL470,0101,Joann Kang,30,16,0,2026-05-25 00:01:44
2026-05-24 23:44:28,TLPL471,0101,Alison Jovanovic,15,9,0,2026-05-25 00:01:45
2026-05-24 23:44:28,TLPL477,0201,Instructor: TBA,20,12,0,2026-05-25 00:01:45
2026-05-24 23:44:28,TLPL478A,0101,Katherine Coogan,20,16,0,2026-05-25 00:01:45
2026-05-24 23:44:28,TLPL478E,0101,Angela Stoltz,0,0,0,2026-05-25 00:01:45
2026-05-24 23:44:28,TLPL478G,0101,Deborah Lewin,0,0,0,2026-05-25 00:01:45
2026-05-24 23:44:28,TLPL478G,0201,Brooke Dalesio,0,0,0,2026-05-25 00:01:45
2026-05-24 23:44:28,TLPL478G,0301,Tracy Dunheimer,0,0,0,2026-05-25 00:01:45
2026-05-24 23:44:28,TLPL479A,0101,Katherine Coogan,10,6,0,2026-05-25 00:01:45
2026-05-24 23:44:28,TLPL479B,0101,Alison Jovanovic,35,29,0,2026-05-25 00:01:46
2026-05-24 23:44:28,TLPL479C,0101,Peggy Wilson,25,22,0,2026-05-25 00:01:46
2026-05-24 23:44:28,TLPL479D,0101,Farhaana Nyamekye,20,17,0,2026-05-25 00:01:46
2026-05-24 23:44:28,TLPL479E,0101,Angela Stoltz,0,0,0,2026-05-25 00:01:46
2026-05-24 23:44:28,TLPL479F,0101,Instructor: TBA,15,15,0,2026-05-25 00:01:46
2026-05-24 23:44:28,TLPL479G,0102,Tracy Dunheimer,12,8,0,2026-05-25 00:01:46
2026-05-24 23:44:28,TLPL479G,0103,Instructor: TBA,12,9,0,2026-05-25 00:01:46
2026-05-24 23:44:28,TLPL479G,0104,Instructor: TBA,12,9,0,2026-05-25 00:01:46
2026-05-24 23:44:28,TLPL479G,0106,Instructor: TBA,15,3,0,2026-05-25 00:01:46
2026-05-24 23:44:28,TLPL479G,0107,Instructor: TBA,15,9,0,2026-05-25 00:01:46
2026-05-24 23:44:28,TLPL479G,0108,Instructor: TBA,15,10,0,2026-05-25 00:01:46
2026-05-24 23:44:28,TLPL479J,0101,Antonio Perez Belda,10,7,0,2026-05-25 00:01:47
2026-05-24 23:44:28,TLPL479L,0101,Melissa Welsh,10,10,0,2026-05-25 00:01:47
2026-05-24 23:44:28,TLPL481,0101,Instructor: TBA,0,0,0,2026-05-25 00:01:47
2026-05-24 23:44:28,TLPL488T,0101,Laura Mahalingappa,10,10,0,2026-05-25 00:01:47
2026-05-24 23:44:28,TLPL489G,0101,Deborah Lewin,0,0,0,2026-05-25 00:01:47
2026-05-24 23:44:28,TLPL489G,0201,Brooke Dalesio,0,0,0,2026-05-25 00:01:47
2026-05-24 23:44:28,TLPL489G,0301,Tracy Dunheimer,0,0,0,2026-05-25 00:01:47
2026-05-24 23:44:28,TLPL489Z,0201,Brooke Dalesio,1,1,0,2026-05-25 00:01:48
2026-05-24 23:44:28,TLPL610,PVL1,Sara Kirschner,20,19,0,2026-05-25 00:01:48
2026-05-24 23:44:28,TLPL611,PXT1,Candice Love,25,18,0,2026-05-25 00:01:48
2026-05-24 23:44:28,TLPL612,PXT2,Carolina Napp-Avelli,25,17,0,2026-05-25 00:01:48
2026-05-24 23:44:28,TLPL625,PXK1,Jennifer Orodeckis,20,19,0,2026-05-25 00:01:48
2026-05-24 23:44:28,TLPL625,PXK4,Jennifer Orodeckis,20,20,0,2026-05-25 00:01:48
2026-05-24 23:44:28,TLPL645,0101,Ying Zhang,20,16,0,2026-05-25 00:01:49
2026-05-24 23:44:28,TLPL647,PXK1,Instructor: TBA,20,19,0,2026-05-25 00:01:49
2026-05-24 23:44:28,TLPL647,PXK4,Instructor: TBA,20,20,0,2026-05-25 00:01:49
2026-05-24 23:44:28,TLPL654,0101,Ayanna Baccus,20,19,0,2026-05-25 00:01:49
2026-05-24 23:44:28,TLPL656,0101,Instructor: TBA,15,12,0,2026-05-25 00:01:49
2026-05-24 23:44:28,TLPL657,0101,Instructor: TBA,25,15,0,2026-05-25 00:01:49
2026-05-24 23:44:28,TLPL661,0101,Shenika Hankerson,15,13,0,2026-05-25 00:01:49
2026-05-24 23:44:28,TLPL664,0101,Jeff MacSwan,20,17,0,2026-05-25 00:01:50
2026-05-24 23:44:28,TLPL665,0101,Instructor: TBA,25,22,0,2026-05-25 00:01:50
2026-05-24 23:44:28,TLPL666,0101,Kellie Rolstad,10,5,0,2026-05-25 00:01:50
2026-05-24 23:44:28,TLPL671,0101,Meghan Comstock,20,9,0,2026-05-25 00:01:50
2026-05-24 23:44:28,TLPL678,0101,Antonio Perez Belda,5,0,0,2026-05-25 00:01:50
2026-05-24 23:44:28,TLPL678,IH69,Cara Grant,5,5,0,2026-05-25 00:01:50
2026-05-24 23:44:28,TLPL681,0101,Campbell Scribner,20,11,0,2026-05-25 00:01:51
2026-05-24 23:44:28,TLPL683,0101,Claudia Galindo,20,9,0,2026-05-25 00:01:51
2026-05-24 23:44:28,TLPL688J,0101,Laura Mahalingappa,15,10,0,2026-05-25 00:01:51
2026-05-24 23:44:28,TLPL688K,0101,Jordan Bell,20,19,0,2026-05-25 00:01:51
2026-05-24 23:44:28,TLPL688X,PVJ1,Andrew Elby,20,16,0,2026-05-25 00:01:51
2026-05-24 23:44:28,TLPL688Y,0101,Meghan Comstock,20,15,0,2026-05-25 00:01:51
2026-05-24 23:44:28,TLPL689,0101,Antonio Perez Belda,10,6,0,2026-05-25 00:01:52
2026-05-24 23:44:28,TLPL689,0201,Loren Jones,10,9,0,2026-05-25 00:01:52
2026-05-24 23:44:28,TLPL689,CE11,Cara Grant,5,5,0,2026-05-25 00:01:52
2026-05-24 23:44:28,TLPL695,0101,Antonio Perez Belda,14,10,0,2026-05-25 00:01:52
2026-05-24 23:44:28,TLPL696,0101,Antonio Perez Belda,5,0,0,2026-05-25 00:01:52
2026-05-24 23:44:28,TLPL698,PXK1,Theresa Robinson,20,19,0,2026-05-25 00:01:52
2026-05-24 23:44:28,TLPL698,PXK4,Theresa Robinson,20,20,0,2026-05-25 00:01:52
2026-05-24 23:44:28,TLPL704,0101,Fengfeng Ke,20,18,0,2026-05-25 00:01:52
2026-05-24 23:44:28,TLPL708A,0101,David Weintrop,10,7,0,2026-05-25 00:01:53
2026-05-24 23:44:28,TLPL708G,0101,David Weintrop,20,17,0,2026-05-25 00:01:53
2026-05-24 23:44:28,TLPL708X,0101,Fengfeng Ke,20,14,0,2026-05-25 00:01:53
2026-05-24 23:44:28,TLPL728,0101,Candice Love,20,18,0,2026-05-25 00:01:53
2026-05-24 23:44:28,TLPL740,PUH3,Laura Mahalingappa,20,20,0,2026-05-25 00:01:53
2026-05-24 23:44:28,TLPL764,0101,Instructor: TBA,20,18,0,2026-05-25 00:01:53
2026-05-24 23:44:28,TLPL774,0101,Tara Brown,20,12,0,2026-05-25 00:01:54
2026-05-24 23:44:28,TLPL777,0101,Rossina Liu,20,5,0,2026-05-25 00:01:54
2026-05-24 23:44:28,TLPL788K,0101,Janet Walkoe,20,18,0,2026-05-25 00:01:54
2026-05-24 23:44:28,TLPL788M,0101,Meghan Comstock,15,10,0,2026-05-25 00:01:54
2026-05-24 23:44:28,TLPL788Z,0101,Keisha Allen,25,22,0,2026-05-25 00:01:54
2026-05-24 23:44:28,TLPL791,0101,Jennifer Turner,20,14,0,2026-05-25 00:01:55
2026-05-24 23:44:28,TLPL792,0101,Reka Barton,20,12,0,2026-05-25 00:01:55
2026-05-24 23:44:28,TLPL794,0101,Andrew Brantlinger,24,20,0,2026-05-25 00:01:55
2026-05-24 23:44:28,TLPL795,0101,Andrew Elby,25,10,0,2026-05-25 00:01:55
2026-05-24 23:44:28,TLPL796,0101,Jordan Bell,18,14,0,2026-05-25 00:01:55
2026-05-24 23:44:28,TLPL840,0101,Jennifer Turner,25,19,0,2026-05-25 00:01:56
2026-05-24 23:44:28,TLPL868,0101,Instructor: TBA,20,20,0,2026-05-25 00:01:56
2026-05-24 23:44:28,TLTC310,0101,Danielle Pafe,20,20,0,2026-05-25 00:01:58
2026-05-24 23:44:28,TLTC310,0201,Danielle Pafe,20,20,0,2026-05-25 00:01:58
2026-05-24 23:44:28,TLTC333,0101,Mona Thompson,55,48,0,2026-05-25 00:01:58
2026-05-24 23:44:28,TLTC333,0102,Mona Thompson,55,42,0,2026-05-25 00:01:58
2026-05-24 23:44:28,TLTC333,0105,Mona Thompson,57,48,0,2026-05-25 00:01:58
2026-05-24 23:44:28,TLTC499A,0101,Mona Thompson,10,7,0,2026-05-25 00:01:58
2026-05-24 23:44:28,TLTC499A,0102,Danielle Pafe,10,10,0,2026-05-25 00:01:58
2026-05-24 23:44:28,UMEI005,0101,Marilena Draganescu,15,13,0,2026-05-25 00:02:00
2026-05-24 23:44:28,UMEI005,0201,Marilena Draganescu,15,15,0,2026-05-25 00:02:00
2026-05-24 23:44:28,UMEI005,0301,Charles Duquette,15,15,0,2026-05-25 00:02:00
2026-05-24 23:44:28,UMEI012,0101,Heather Mehrtens,10,10,0,2026-05-25 00:02:00
2026-05-24 23:44:28,UMEI013,0101,Heather Mehrtens,16,16,0,2026-05-25 00:02:00
2026-05-24 23:44:28,UMEI028A,0101,Louise Godley,16,16,0,2026-05-25 00:02:00
2026-05-24 23:44:28,UMEI506,0101,Louise Godley,16,15,0,2026-05-25 00:02:00
2026-05-24 23:44:28,UMEI506,0201,Raymond Smith,16,15,0,2026-05-25 00:02:00
2026-05-24 23:44:28,UMEI507,0101,Charles Duquette,15,9,0,2026-05-25 00:02:01
2026-05-24 23:44:28,UMEI507,0201,Charles Duquette,15,15,0,2026-05-25 00:02:01
2026-05-24 23:44:28,UNIV099,0101,Xiaotong Lu,90,83,0,2026-05-25 00:02:02
2026-05-24 23:44:28,UNIV100,0101,Ulysses Crawford,20,20,0,2026-05-25 00:02:02
2026-05-24 23:44:28,UNIV100,0102,Gregory Shaffer,20,20,0,2026-05-25 00:02:02
2026-05-24 23:44:28,UNIV100,0201,Instructor: TBA,27,27,0,2026-05-25 00:02:02
2026-05-24 23:44:28,UNIV100,0202,Instructor: TBA,27,27,0,2026-05-25 00:02:02
2026-05-24 23:44:28,UNIV100,0204,Instructor: TBA,27,27,0,2026-05-25 00:02:02
2026-05-24 23:44:28,UNIV100,0205,Instructor: TBA,27,26,0,2026-05-25 00:02:02
2026-05-24 23:44:28,UNIV100,0206,Instructor: TBA,25,25,0,2026-05-25 00:02:02
2026-05-24 23:44:28,UNIV100,0207,Instructor: TBA,27,27,0,2026-05-25 00:02:02
2026-05-24 23:44:28,UNIV100,0208,Instructor: TBA,27,27,0,2026-05-25 00:02:02
2026-05-24 23:44:28,UNIV100,0210,Instructor: TBA,27,27,0,2026-05-25 00:02:02
2026-05-24 23:44:28,UNIV100,0214,Instructor: TBA,27,27,0,2026-05-25 00:02:02
2026-05-24 23:44:28,UNIV100,0305,Christopher Lester,20,20,0,2026-05-25 00:02:02
2026-05-24 23:44:28,UNIV100,0306,Christopher Lester,20,20,0,2026-05-25 00:02:02
2026-05-24 23:44:28,UNIV100,0501,Instructor: TBA,25,25,0,2026-05-25 00:02:02
2026-05-24 23:44:28,UNIV100,0505,Instructor: TBA,20,20,0,2026-05-25 00:02:02
2026-05-24 23:44:28,UNIV100,0802,Instructor: TBA,20,20,0,2026-05-25 00:02:02
2026-05-24 23:44:28,UNIV100,0804,Instructor: TBA,20,20,0,2026-05-25 00:02:02
2026-05-24 23:44:28,UNIV100,0806,Instructor: TBA,20,20,0,2026-05-25 00:02:02
2026-05-24 23:44:28,UNIV100,0807,Instructor: TBA,20,20,0,2026-05-25 00:02:02
2026-05-24 23:44:28,UNIV100,0808,Instructor: TBA,20,20,0,2026-05-25 00:02:02
2026-05-24 23:44:28,UNIV100,0820,Instructor: TBA,20,20,0,2026-05-25 00:02:02
2026-05-24 23:44:28,UNIV100,0841,Instructor: TBA,20,20,0,2026-05-25 00:02:02
2026-05-24 23:44:28,UNIV100,0852,Instructor: TBA,20,20,0,2026-05-25 00:02:02
2026-05-24 23:44:28,UNIV100,1101,Instructor: TBA,15,15,0,2026-05-25 00:02:02
2026-05-24 23:44:28,UNIV100,1103,Instructor: TBA,15,15,0,2026-05-25 00:02:02
2026-05-24 23:44:28,UNIV100,1105,Instructor: TBA,15,15,0,2026-05-25 00:02:02
2026-05-24 23:44:28,UNIV100,1201,Instructor: TBA,16,16,0,2026-05-25 00:02:02
2026-05-24 23:44:28,UNIV100,1202,Instructor: TBA,16,16,0,2026-05-25 00:02:02
2026-05-24 23:44:28,UNIV100,1203,Instructor: TBA,16,16,0,2026-05-25 00:02:02
2026-05-24 23:44:28,UNIV100,1204,Instructor: TBA,16,16,0,2026-05-25 00:02:02
2026-05-24 23:44:28,UNIV100,1205,Instructor: TBA,16,16,0,2026-05-25 00:02:02
2026-05-24 23:44:28,UNIV100,1206,Instructor: TBA,16,16,0,2026-05-25 00:02:02
2026-05-24 23:44:28,UNIV100,1207,Instructor: TBA,16,16,0,2026-05-25 00:02:02
2026-05-24 23:44:28,UNIV100,1208,Instructor: TBA,16,16,0,2026-05-25 00:02:02
2026-05-24 23:44:28,UNIV100,1209,Instructor: TBA,16,16,0,2026-05-25 00:02:02
2026-05-24 23:44:28,UNIV100,1210,Instructor: TBA,16,16,0,2026-05-25 00:02:02
2026-05-24 23:44:28,UNIV100,1211,Instructor: TBA,16,16,0,2026-05-25 00:02:02
2026-05-24 23:44:28,UNIV100,1212,Instructor: TBA,16,16,0,2026-05-25 00:02:02
2026-05-24 23:44:28,UNIV100,1214,Instructor: TBA,16,16,0,2026-05-25 00:02:02
2026-05-24 23:44:28,UNIV100,1503,Instructor: TBA,20,20,0,2026-05-25 00:02:02
2026-05-24 23:44:28,UNIV100,1504,Instructor: TBA,20,20,0,2026-05-25 00:02:02
2026-05-24 23:44:28,UNIV100,FC01,Neil Dhingra,18,0,0,2026-05-25 00:02:02
2026-05-24 23:44:28,UNIV100,FC02,Jeanea Wallace,18,0,0,2026-05-25 00:02:02
2026-05-24 23:44:28,UNIV100,FC03,Ryan Knapp,18,0,0,2026-05-25 00:02:02
2026-05-24 23:44:28,UNIV100,FC04,Monica Simonsen,18,0,0,2026-05-25 00:02:02
2026-05-24 23:44:28,UNIV100,FC05,Instructor: TBA,18,4,0,2026-05-25 00:02:02
2026-05-24 23:44:28,UNIV100,FC06,Olga Rozman,18,7,0,2026-05-25 00:02:02
2026-05-24 23:44:28,UNIV100,FC07,Denise McHugh,18,9,0,2026-05-25 00:02:02
2026-05-24 23:44:28,UNIV100,FC08,Carla Partlow,18,1,0,2026-05-25 00:02:02
2026-05-24 23:44:28,UNIV100,FC09,Rosalyn Anderson-Howell,18,0,0,2026-05-25 00:02:02
2026-05-24 23:44:28,UNIV100,FC10,Sandra Crespin Melgar,18,0,0,2026-05-25 00:02:02
2026-05-24 23:44:28,UNIV100,FC11,Valencia Brown,18,0,0,2026-05-25 00:02:02
2026-05-24 23:44:28,UNIV100,FC12,Steven Young,18,0,0,2026-05-25 00:02:02
2026-05-24 23:44:28,UNIV100,FC13,Brianna Ladd,18,15,0,2026-05-25 00:02:02
2026-05-24 23:44:28,UNIV100,FC14,Lynn Truong,18,8,0,2026-05-25 00:02:02
2026-05-24 23:44:28,UNIV100,FC15,Phylicia Nance,18,15,0,2026-05-25 00:02:02
2026-05-24 23:44:28,UNIV100,FC16,Alana Ebert-Zavos,18,0,0,2026-05-25 00:02:02
2026-05-24 23:44:28,UNIV100,FC17,Emily Sessa,18,0,0,2026-05-25 00:02:02
2026-05-24 23:44:28,UNIV100,FC18,Uma Balaji,18,0,0,2026-05-25 00:02:02
2026-05-24 23:44:28,UNIV100,FC20,Heather Gray,18,0,0,2026-05-25 00:02:02
2026-05-24 23:44:28,UNIV100,FC21,Caroline Marr,18,0,0,2026-05-25 00:02:02
2026-05-24 23:44:28,UNIV100,FC22,Gerard Boulin,18,9,0,2026-05-25 00:02:02
2026-05-24 23:44:28,UNIV100,FC23,Gregory Shaffer,18,9,0,2026-05-25 00:02:02
2026-05-24 23:44:28,UNIV100,FC24,Jeany Cadet,18,16,0,2026-05-25 00:02:02
2026-05-24 23:44:28,UNIV100,FC25,Tara Feikes,18,0,0,2026-05-25 00:02:02
2026-05-24 23:44:28,UNIV100,FC27,Jaime Theilen,18,12,0,2026-05-25 00:02:02
2026-05-24 23:44:28,UNIV100,FC29,Sofia Carrasco,18,0,0,2026-05-25 00:02:02
2026-05-24 23:44:28,UNIV100,FC30,Teniqua Coates-Singh,18,8,0,2026-05-25 00:02:02
2026-05-24 23:44:28,UNIV100,FC31,Jacqueline Taylor,18,0,0,2026-05-25 00:02:02
2026-05-24 23:44:28,UNIV100,FC32,Sharon Vanwright,18,14,0,2026-05-25 00:02:02
2026-05-24 23:44:28,UNIV100,FC36,Nicki Kern,18,8,0,2026-05-25 00:02:02
2026-05-24 23:44:28,UNIV100,FC38,Juan Henry,18,11,0,2026-05-25 00:02:02
2026-05-24 23:44:28,UNIV100,FC39,Diana Bridgett,17,0,0,2026-05-25 00:02:02
2026-05-24 23:44:28,UNIV100,FC40,Ashley Sankowski,18,3,0,2026-05-25 00:02:02
2026-05-24 23:44:28,UNIV100,FC41,Jonathan Johnson,18,1,0,2026-05-25 00:02:02
2026-05-24 23:44:28,UNIV100,FC42,Julia Crooks,18,15,0,2026-05-25 00:02:02
2026-05-24 23:44:28,UNIV100,FC43,Tyrese Fenty,18,0,0,2026-05-25 00:02:02
2026-05-24 23:44:28,UNIV100,FC44,Christopher Villalobos,18,16,0,2026-05-25 00:02:02
2026-05-24 23:44:28,UNIV100,FC45,Julie Steinhorn,18,16,0,2026-05-25 00:02:02
2026-05-24 23:44:28,UNIV100,FC46,Marcal Graham,18,17,0,2026-05-25 00:02:02
2026-05-24 23:44:28,UNIV100,FC47,Chamika Ellis,18,7,0,2026-05-25 00:02:02
2026-05-24 23:44:28,UNIV100,FC50,MaryAnn Santos,18,16,0,2026-05-25 00:02:02
2026-05-24 23:44:28,UNIV100,FC51,Bobbie Tchopev,18,13,0,2026-05-25 00:02:02
2026-05-24 23:44:28,UNIV100,FC53,Daniel Hairfield,18,11,0,2026-05-25 00:02:02
2026-05-24 23:44:28,UNIV100,FC56,Andrew Muir,18,13,0,2026-05-25 00:02:02
2026-05-24 23:44:28,UNIV100,FC60,Ayanna Samuels-Francis,18,1,0,2026-05-25 00:02:02
2026-05-24 23:44:28,UNIV100,FC61,Eric Johnson,18,0,0,2026-05-25 00:02:02
2026-05-24 23:44:28,UNIV100,FCW1,Sue Johnston,18,0,0,2026-05-25 00:02:02
2026-05-24 23:44:28,UNIV100,FCW2,Instructor: TBA,18,0,0,2026-05-25 00:02:02
2026-05-24 23:44:28,UNIV100,FCW3,Erik Hanson,18,0,0,2026-05-25 00:02:02
2026-05-24 23:44:28,UNIV100,FCW6,Vanessa Georgiadis,18,0,0,2026-05-25 00:02:02
2026-05-24 23:44:28,UNIV100,FCW7,Genna Godley,20,0,1,2026-05-25 00:02:02
2026-05-24 23:44:28,UNIV106,0401,Instructor: TBA,20,19,0,2026-05-25 00:02:03
2026-05-24 23:44:28,UNIV106,0402,Instructor: TBA,20,19,0,2026-05-25 00:02:03
2026-05-24 23:44:28,UNIV106,0403,Instructor: TBA,20,17,0,2026-05-25 00:02:03
2026-05-24 23:44:28,UNIV108,FC02,Kelly Marbury,30,15,0,2026-05-25 00:02:03
2026-05-24 23:44:28,UNIV110,0101,Lisa Kiely,19,19,0,2026-05-25 00:02:03
2026-05-24 23:44:28,UNIV110,0102,Jonathan Molnar,19,19,0,2026-05-25 00:02:03
2026-05-24 23:44:28,UNIV110,0103,Lisa Kiely,19,19,0,2026-05-25 00:02:03
2026-05-24 23:44:28,UNIV110,0104,Darryll Pines,19,19,0,2026-05-25 00:02:03
2026-05-24 23:44:28,UNIV110,0105,Lisa Kiely,19,19,0,2026-05-25 00:02:03
2026-05-24 23:44:28,UNIV362,0101,Instructor: TBA,25,0,0,2026-05-25 00:02:03
2026-05-24 23:44:28,UNIV362,0102,Instructor: TBA,20,0,0,2026-05-25 00:02:03
2026-05-24 23:44:28,UNIV362,0106,Instructor: TBA,25,9,0,2026-05-25 00:02:03
2026-05-24 23:44:28,UNIV389J,0101,Jayakumar Arasan,25,13,0,2026-05-25 00:02:03
2026-05-24 23:44:28,UNIV389J,0201,Jayakumar Arasan,25,25,0,2026-05-25 00:02:03
2026-05-24 23:44:28,UNIV399,0101,Jayakumar Arasan,10,8,0,2026-05-25 00:02:03
2026-05-24 23:44:28,UNIV399,0201,Jayakumar Arasan,10,10,0,2026-05-25 00:02:03
2026-05-24 23:44:28,URSP250,0101,Eric Burnstein,24,8,0,2026-05-25 00:02:05
2026-05-24 23:44:28,URSP250,0102,Eric Burnstein,24,11,0,2026-05-25 00:02:05
2026-05-24 23:44:28,URSP250,0103,Eric Burnstein,9,4,0,2026-05-25 00:02:05
2026-05-24 23:44:28,URSP250,0104,Eric Burnstein,9,8,0,2026-05-25 00:02:05
2026-05-24 23:44:28,URSP601,0101,Chengri Ding,25,16,0,2026-05-25 00:02:05
2026-05-24 23:44:28,URSP604,0101,Ariel Bierbaum,20,11,0,2026-05-25 00:02:05
2026-05-24 23:44:28,URSP605,0101,Kathryn Howell,25,18,0,2026-05-25 00:02:05
2026-05-24 23:44:28,URSP606,0101,Chengri Ding,15,5,0,2026-05-25 00:02:05
2026-05-24 23:44:28,URSP611,0101,Md Alam,20,17,0,2026-05-25 00:02:06
2026-05-24 23:44:28,URSP672,0101,Riem ElZoghbi,16,14,0,2026-05-25 00:02:06
2026-05-24 23:44:28,URSP688I,0101,David Rouse,15,10,0,2026-05-25 00:02:06
2026-05-24 23:44:28,URSP688O,0101,Casey Dawkins,20,8,0,2026-05-25 00:02:06
2026-05-24 23:44:28,URSP708,0101,Gerrit Knaap,12,7,0,2026-05-25 00:02:06
2026-05-24 23:44:28,URSP709,0101,Casey Dawkins,20,20,0,2026-05-25 00:02:06
2026-05-24 23:44:28,URSP709,0102,Kathryn Howell,5,5,0,2026-05-25 00:02:06
2026-05-24 23:44:28,URSP709,1001,Gerrit Knaap,20,20,0,2026-05-25 00:02:06
2026-05-24 23:44:28,URSP709,1201,Chengri Ding,20,20,0,2026-05-25 00:02:06
2026-05-24 23:44:28,URSP709,1401,Marccus Hendricks,20,20,0,2026-05-25 00:02:06
2026-05-24 23:44:28,URSP709,1501,Ariel Bierbaum,20,20,0,2026-05-25 00:02:06
2026-05-24 23:44:28,URSP709,1601,Hiroyuki Iseki,20,20,0,2026-05-25 00:02:06
2026-05-24 23:44:28,URSP709,1701,Instructor: TBA,20,20,0,2026-05-25 00:02:06
2026-05-24 23:44:28,URSP709,1801,Instructor: TBA,20,20,0,2026-05-25 00:02:06
2026-05-24 23:44:28,URSP709,2103,Willow Lung,20,20,0,2026-05-25 00:02:06
2026-05-24 23:44:28,URSP709,2107,Clara Irazabal Zurita,20,19,0,2026-05-25 00:02:06
2026-05-24 23:44:28,URSP709,2108,Nicholas Finio,3,3,0,2026-05-25 00:02:06
2026-05-24 23:44:28,USLT201,0101,Robert Chester,25,8,0,2026-05-25 00:02:09
2026-05-24 23:44:28,USLT450,0101,Robert Chester,20,0,5,2026-05-25 00:02:09
2026-05-24 23:44:28,VIPS208,0101,Mary Bowden,10,10,0,2026-05-25 00:02:10
2026-05-24 23:44:28,VIPS208,0102,Ken Kiger,10,10,0,2026-05-25 00:02:10
2026-05-24 23:44:28,VIPS208,0103,Bryan Quinn,10,10,0,2026-05-25 00:02:10
2026-05-24 23:44:28,VIPS208,0104,Ryan Sochol,10,10,0,2026-05-25 00:02:10
2026-05-24 23:44:28,VIPS208,0105,Molly Carton,10,10,0,2026-05-25 00:02:10
2026-05-24 23:44:28,VIPS208,0106,James Baeder,10,10,0,2026-05-25 00:02:10
2026-05-24 23:44:28,VIPS208,0107,Catherine Spirito,10,10,0,2026-05-25 00:02:10
2026-05-24 23:44:28,VIPS208,0108,Ronald Yaros,10,10,0,2026-05-25 00:02:10
2026-05-24 23:44:28,VIPS208,0109,Carinna Ferguson,10,10,0,2026-05-25 00:02:10
2026-05-24 23:44:28,VIPS208,0110,Tracy Riggins,10,10,0,2026-05-25 00:02:10
2026-05-24 23:44:28,VIPS208,0111,Kevin Calabro,10,10,0,2026-05-25 00:02:10
2026-05-24 23:44:28,VIPS208,0112,Raffaele Viglianti,10,10,0,2026-05-25 00:02:10
2026-05-24 23:44:28,VIPS208,0113,Shabnam Jabeen,10,10,0,2026-05-25 00:02:10
2026-05-24 23:44:28,VIPS208,0114,Ning Zeng,10,10,0,2026-05-25 00:02:10
2026-05-24 23:44:28,VIPS208,0115,Veronica Kang,10,10,0,2026-05-25 00:02:10
2026-05-24 23:44:28,VIPS208,0116,David Stewart,10,10,0,2026-05-25 00:02:10
2026-05-24 23:44:28,VIPS208,0117,Meredith Epstein,10,10,0,2026-05-25 00:02:10
2026-05-24 23:44:28,VIPS208,0118,Magaly Toro Ibaceta,10,10,0,2026-05-25 00:02:10
2026-05-24 23:44:28,VIPS208,0120,Marisa Parham,10,10,0,2026-05-25 00:02:10
2026-05-24 23:44:28,VIPS208,0121,Becky Epanchin-Niell,10,10,0,2026-05-25 00:02:10
2026-05-24 23:44:28,VIPS208,0122,Timothy Reedy,10,10,0,2026-05-25 00:02:10
2026-05-24 23:44:28,VIPS208,0123,Lingnan Lin,10,10,0,2026-05-25 00:02:10
2026-05-24 23:44:28,VIPS208,0124,Jeffrey Moro,10,10,0,2026-05-25 00:02:10
2026-05-24 23:44:28,VIPS208,0125,Peter Sunderland,10,10,0,2026-05-25 00:02:10
2026-05-24 23:44:28,VIPS208,0126,Brienna Anderson,10,10,0,2026-05-25 00:02:10
2026-05-24 23:44:28,VIPS308,0101,Mary Bowden,10,10,0,2026-05-25 00:02:10
2026-05-24 23:44:28,VIPS308,0102,Ken Kiger,10,10,0,2026-05-25 00:02:10
2026-05-24 23:44:28,VIPS308,0103,Bryan Quinn,10,10,0,2026-05-25 00:02:10
2026-05-24 23:44:28,VIPS308,0104,Ryan Sochol,10,10,0,2026-05-25 00:02:10
2026-05-24 23:44:28,VIPS308,0105,Molly Carton,10,10,0,2026-05-25 00:02:10
2026-05-24 23:44:28,VIPS308,0106,James Baeder,10,10,0,2026-05-25 00:02:10
2026-05-24 23:44:28,VIPS308,0107,Catherine Spirito,10,10,0,2026-05-25 00:02:10
2026-05-24 23:44:28,VIPS308,0108,Ronald Yaros,10,10,0,2026-05-25 00:02:10
2026-05-24 23:44:28,VIPS308,0109,Carinna Ferguson,10,10,0,2026-05-25 00:02:10
2026-05-24 23:44:28,VIPS308,0110,Tracy Riggins,10,10,0,2026-05-25 00:02:10
2026-05-24 23:44:28,VIPS308,0111,Kevin Calabro,10,10,0,2026-05-25 00:02:10
2026-05-24 23:44:28,VIPS308,0112,Raffaele Viglianti,10,10,0,2026-05-25 00:02:10
2026-05-24 23:44:28,VIPS308,0113,Shabnam Jabeen,10,10,0,2026-05-25 00:02:10
2026-05-24 23:44:28,VIPS308,0114,Ning Zeng,10,10,0,2026-05-25 00:02:10
2026-05-24 23:44:28,VIPS308,0115,Veronica Kang,10,10,0,2026-05-25 00:02:10
2026-05-24 23:44:28,VIPS308,0116,David Stewart,10,10,0,2026-05-25 00:02:10
2026-05-24 23:44:28,VIPS308,0117,Meredith Epstein,10,10,0,2026-05-25 00:02:10
2026-05-24 23:44:28,VIPS308,0118,Magaly Toro Ibaceta,10,10,0,2026-05-25 00:02:10
2026-05-24 23:44:28,VIPS308,0120,Marisa Parham,10,10,0,2026-05-25 00:02:10
2026-05-24 23:44:28,VIPS308,0121,Becky Epanchin-Niell,10,10,0,2026-05-25 00:02:10
2026-05-24 23:44:28,VIPS308,0122,Timothy Reedy,10,10,0,2026-05-25 00:02:10
2026-05-24 23:44:28,VIPS308,0123,Lingnan Lin,10,10,0,2026-05-25 00:02:10
2026-05-24 23:44:28,VIPS308,0124,Jeffrey Moro,10,10,0,2026-05-25 00:02:10
2026-05-24 23:44:28,VIPS308,0125,Peter Sunderland,10,10,0,2026-05-25 00:02:10
2026-05-24 23:44:28,VIPS308,0126,Brienna Anderson,10,10,0,2026-05-25 00:02:10
2026-05-24 23:44:28,VIPS408,0101,Mary Bowden,10,10,0,2026-05-25 00:02:10
2026-05-24 23:44:28,VIPS408,0102,Ken Kiger,10,10,0,2026-05-25 00:02:10
2026-05-24 23:44:28,VIPS408,0103,Bryan Quinn,10,10,0,2026-05-25 00:02:10
2026-05-24 23:44:28,VIPS408,0104,Ryan Sochol,10,10,0,2026-05-25 00:02:10
2026-05-24 23:44:28,VIPS408,0105,Molly Carton,10,10,0,2026-05-25 00:02:10
2026-05-24 23:44:28,VIPS408,0106,James Baeder,10,10,0,2026-05-25 00:02:10
2026-05-24 23:44:28,VIPS408,0107,Catherine Spirito,10,10,0,2026-05-25 00:02:10
2026-05-24 23:44:28,VIPS408,0108,Ronald Yaros,10,10,0,2026-05-25 00:02:10
2026-05-24 23:44:28,VIPS408,0109,Carinna Ferguson,10,10,0,2026-05-25 00:02:10
2026-05-24 23:44:28,VIPS408,0110,Tracy Riggins,10,10,0,2026-05-25 00:02:10
2026-05-24 23:44:28,VIPS408,0111,Kevin Calabro,10,10,0,2026-05-25 00:02:10
2026-05-24 23:44:28,VIPS408,0112,Raffaele Viglianti,10,10,0,2026-05-25 00:02:10
2026-05-24 23:44:28,VIPS408,0113,Shabnam Jabeen,10,10,0,2026-05-25 00:02:10
2026-05-24 23:44:28,VIPS408,0114,Ning Zeng,10,10,0,2026-05-25 00:02:10
2026-05-24 23:44:28,VIPS408,0115,Veronica Kang,10,10,0,2026-05-25 00:02:10
2026-05-24 23:44:28,VIPS408,0116,David Stewart,10,10,0,2026-05-25 00:02:10
2026-05-24 23:44:28,VIPS408,0117,Meredith Epstein,10,10,0,2026-05-25 00:02:10
2026-05-24 23:44:28,VIPS408,0118,Magaly Toro Ibaceta,10,10,0,2026-05-25 00:02:10
2026-05-24 23:44:28,VIPS408,0120,Marisa Parham,10,10,0,2026-05-25 00:02:10
2026-05-24 23:44:28,VIPS408,0121,Becky Epanchin-Niell,10,10,0,2026-05-25 00:02:10
2026-05-24 23:44:28,VIPS408,0122,Timothy Reedy,10,10,0,2026-05-25 00:02:10
2026-05-24 23:44:28,VIPS408,0123,Lingnan Lin,10,10,0,2026-05-25 00:02:10
2026-05-24 23:44:28,VIPS408,0124,Jeffrey Moro,10,10,0,2026-05-25 00:02:10
2026-05-24 23:44:28,VIPS408,0125,Peter Sunderland,10,10,0,2026-05-25 00:02:10
2026-05-24 23:44:28,VIPS408,0126,Brienna Anderson,10,10,0,2026-05-25 00:02:10
2026-05-24 23:44:28,VMSC610,0101,George Belov,10,9,0,2026-05-25 00:02:12
2026-05-24 23:44:28,VMSC698,0101,Chrysoula Kitsou,20,20,0,2026-05-25 00:02:12
2026-05-24 23:44:28,VMSC758,0101,Seth Dickey,10,10,0,2026-05-25 00:02:12
2026-05-24 23:44:28,WEID139B,0101,Leslie Krafft,48,34,0,2026-05-25 00:02:14
2026-05-24 23:44:28,WEID139L,0201,Taylor Green,48,28,0,2026-05-25 00:02:14
2026-05-24 23:44:28,WGSS200,0101,Sydney Lewis,25,18,0,2026-05-25 00:02:15
2026-05-24 23:44:28,WGSS200,0102,Sydney Lewis,25,23,0,2026-05-25 00:02:15
2026-05-24 23:44:28,WGSS205,0101,Instructor: TBA,21,0,36,2026-05-25 00:02:16
2026-05-24 23:44:28,WGSS205,FC01,Instructor: TBA,25,19,0,2026-05-25 00:02:16
2026-05-24 23:44:28,WGSS211,0101,Katarina Keane,23,12,0,2026-05-25 00:02:16
2026-05-24 23:44:28,WGSS211,0102,Katarina Keane,23,0,0,2026-05-25 00:02:16
2026-05-24 23:44:28,WGSS211,0103,Katarina Keane,23,0,0,2026-05-25 00:02:16
2026-05-24 23:44:28,WGSS250,0101,Michelle Rowley,20,10,0,2026-05-25 00:02:16
2026-05-24 23:44:28,WGSS250,0102,Michelle Rowley,20,19,0,2026-05-25 00:02:16
2026-05-24 23:44:28,WGSS250,0103,Michelle Rowley,20,19,0,2026-05-25 00:02:16
2026-05-24 23:44:28,WGSS250,0301,Instructor: TBA,24,19,0,2026-05-25 00:02:16
2026-05-24 23:44:28,WGSS255,0101,Rashi Maheshwari,18,0,0,2026-05-25 00:02:16
2026-05-24 23:44:28,WGSS271,0101,Sydney Lewis,30,0,0,2026-05-25 00:02:16
2026-05-24 23:44:28,WGSS275,0201,Abhinav Bhardwaj,18,0,0,2026-05-25 00:02:17
2026-05-24 23:44:28,WGSS290,0101,Jessica Mathiason,30,0,5,2026-05-25 00:02:17
2026-05-24 23:44:28,WGSS290,0301,Jessica Mathiason,30,0,10,2026-05-25 00:02:17
2026-05-24 23:44:28,WGSS291,0101,Will Mosley,25,11,0,2026-05-25 00:02:17
2026-05-24 23:44:28,WGSS298Q,0201,Instructor: TBA,21,1,0,2026-05-25 00:02:17
2026-05-24 23:44:28,WGSS301,0101,Shelbi Meissner,12,0,1,2026-05-25 00:02:17
2026-05-24 23:44:28,WGSS305,0101,Jessica Mathiason,30,1,0,2026-05-25 00:02:17
2026-05-24 23:44:28,WGSS319E,0101,Eva Hageman,30,9,0,2026-05-25 00:02:18
2026-05-24 23:44:28,WGSS336,0101,Karoline Trovato,99,0,21,2026-05-25 00:02:18
2026-05-24 23:44:28,WGSS360,0101,Michelle Rowley,35,27,0,2026-05-25 00:02:18
2026-05-24 23:44:28,WGSS379I,0101,Shelbi Meissner,18,13,0,2026-05-25 00:02:19
2026-05-24 23:44:28,WGSS379I,0201,Shelbi Meissner,18,5,0,2026-05-25 00:02:19
2026-05-24 23:44:28,WGSS422,0101,Jennifer Cho,25,14,0,2026-05-25 00:02:19
2026-05-24 23:44:28,WGSS428J,0101,Ruth Enid Zambrana,10,9,0,2026-05-25 00:02:19
2026-05-24 23:44:28,WGSS488G,0101,Sayan Bhattacharya,20,17,0,2026-05-25 00:02:19
2026-05-24 23:44:28,WGSS498A,0101,Karen O'Brien,27,0,5,2026-05-25 00:02:20
2026-05-24 23:44:28,WGSS601,0101,Sayan Bhattacharya,12,9,0,2026-05-25 00:02:20
2026-05-24 23:44:28,WGSS618,0101,Michelle Rowley,3,0,0,2026-05-25 00:02:20
2026-05-24 23:44:28,WGSS628,0101,Shelbi Meissner,12,5,0,2026-05-25 00:02:20
2026-05-24 23:44:28,WGSS698E,0101,Eva Hageman,15,11,0,2026-05-25 00:02:21
2026-05-24 23:44:28,WGSS698J,0101,Ruth Enid Zambrana,10,7,0,2026-05-25 00:02:21
2026-05-24 23:44:28,WGSS698U,0101,Will Mosley,14,13,0,2026-05-25 00:02:21
